inf_rate,clinical_rate,density,percentage
0.010264797802867896,0.006737946999085467,8.490081614959765e-10,8.490081614959765e-08
0.010342933783390497,0.006792121156648214,8.906533148086956e-10,1.739661476304672e-07
0.010421697989531483,0.006846730882990002,9.342680546056272e-10,2.673929530910299e-07
0.010501095472324012,0.006901779680152581,9.799418375463296e-10,3.6538713684566293e-07
0.010581131323412315,0.006957271078334654,1.0277680025416798e-09,4.6816393709983095e-07
0.010661810675378277,0.007013208636118293,1.0778439306779955e-09,5.759483301676304e-07
0.01074313870207054,0.00706959594069713,1.130271211337842e-09,6.889754513014148e-07
0.010825120618936307,0.007126436608106397,1.1851558147408048e-09,8.074910327754951e-07
0.010907761683355808,0.007183734283454826,1.242608271134029e-09,9.317518598888981e-07
0.010991067194979416,0.007241492641158384,1.302743856870478e-09,1.062026245575946e-06
0.011075042496067554,0.007299715385175936,1.3656827876204437e-09,1.1985945243379902e-06
0.011159692971833252,0.007358406249246758,1.4315504189692443e-09,1.3417495662349147e-06
0.011245024050787504,0.007417568997129979,1.5004774546630915e-09,1.4917973117012238e-06
0.011331041205087398,0.00747720742284595,1.5726001627727282e-09,1.6490573279784966e-06
0.01141774995088701,0.007537325350919528,1.6480606000533982e-09,1.8138633879838364e-06
0.011505155848691176,0.00759792663662537,1.7270068447886995e-09,1.9865640724627064e-06
0.011593264503712073,0.007659015166235146,1.8095932384144798e-09,2.1675233963041545e-06
0.011682047829316464,0.007720594857266763,1.895980636228961e-09,2.3571214599270503e-06
0.01177084144618885,0.007782669658735596,1.9863366675041796e-09,2.555755126677468e-06
0.01186034897775834,0.007845243551407708,2.0808360053242365e-09,2.763838727209892e-06
0.011950576164011807,0.007908320548055169,2.1796606464859206e-09,2.981804791858484e-06
0.012041528791086524,0.007971904693713365,2.2830002018070287e-09,3.2101048120391868e-06
0.012133212691641214,0.008036000065940402,2.391052197199571e-09,3.4492100317591436e-06
0.012225633745230106,0.008100610775078607,2.5040223858746756e-09,3.6996122703466113e-06
0.01231879787867995,0.008165740964518083,2.6221250720584874e-09,3.96182477755246e-06
0.012412711066470142,0.00823139481096247,2.745583446608727e-09,4.236383122213333e-06
0.01250737933111583,0.008297576524696756,2.874629934934665e-09,4.523846115706799e-06
0.012602808743554132,0.00836429034985728,3.0095065576340937e-09,4.824796771470209e-06
0.012699005423533472,0.008431540564703922,3.150465304274519e-09,5.1398433018976615e-06
0.012795975540005985,0.00849933148189442,3.2977685207576295e-09,5.4696201539734245e-06
0.012893725311523179,0.008567667448760983,3.451689310720045e-09,5.814789085045429e-06
0.012992261006634701,0.008636552847589053,3.6125119514357405e-09,6.176040280189003e-06
0.013091588944290316,0.008705992095898335,3.7805323247005965e-09,6.554093512659063e-06
0.013191715494245158,0.008775989646726101,3.956058363192161e-09,6.949699348978279e-06
0.013292647077468167,0.008846549988912721,4.1394105128134645e-09,7.363640400259626e-06
0.01339439016655391,0.008917677647389571,4.330922211543773e-09,7.796732621414002e-06
0.013496951286137641,0.008989377183469188,4.5309403853342674e-09,8.24982665994743e-06
0.013600337013313698,0.009061653195137775,4.739825961602706e-09,8.7238092561077e-06
0.013704001924958088,0.009134510317350082,4.957954400896458e-09,9.219604696197347e-06
0.013808191429373251,0.009207953222326601,5.185716247309858e-09,9.738176320928331e-06
0.013913218633851854,0.009281986619853242,5.423517698258442e-09,1.0280528090754175e-05
0.014019090273634648,0.009356615257583323,5.671781194229066e-09,1.0847706210177083e-05
0.014125813138114784,0.00943184392134205,5.930946029144002e-09,1.1440800813091482e-05
0.014233394071273225,0.009507677435433425,6.201468981992273e-09,1.2060947711290708e-05
0.014341839972117574,0.009584120662949587,6.483824970402148e-09,1.2709330208330924e-05
0.014451157795124592,0.009661178506082738,6.778507726846389e-09,1.3387180981015562e-05
0.014561354550686112,0.009738855906439463,7.086030498190305e-09,1.4095784030834592e-05
0.014672437305558636,0.009817157845357654,7.40692676931333e-09,1.4836476707765925e-05
0.01478441318331647,0.009896089344225922,7.741751011553237e-09,1.5610651808921247e-05
0.014897289364808615,0.00997565546480566,8.091079456744476e-09,1.6419759754595696e-05
0.015011073088619223,0.010055861309555611,8.455510897640389e-09,1.7265310844359735e-05
0.015125771651531807,0.010136712021959099,8.835667515532813e-09,1.8148877595913017e-05
0.01524139240899718,0.010218212786853866,9.232195735901631e-09,1.9072097169503177e-05
0.0153579427756051,0.010300368830764545,9.645767112950769e-09,2.0036673880798256e-05
0.015475430225559847,0.010383185422237881,1.0077079243910441e-08,2.10443818051893e-05
0.015593862293159453,0.010466667872180552,1.052685671400418e-08,2.2097067476589714e-05
0.015713246573278914,0.010550821534199773,1.0995852073009041e-08,2.319665268389062e-05
0.01583359072185722,0.010635651804946605,1.1484846844355091e-08,2.4345137368326127e-05
0.015954663535015474,0.010721164124462014,1.1994652567739259e-08,2.5544602625100054e-05
0.0160759433740075,0.010807363976525782,1.2526111876251529e-08,2.6797213812725203e-05
0.01619819832205094,0.010894256889008134,1.3080099609036085e-08,2.810522377362881e-05
0.016321436219176495,0.010981848434224247,1.3657523960537381e-08,2.9470976169682547e-05
0.016445664968449982,0.0110701442292916,1.4259327667409025e-08,3.089690893642345e-05
0.016570892536479063,0.011159149936490155,1.4886489234183772e-08,3.2385557859841826e-05
0.01669712695392422,0.011248871263625525,1.5540024198838437e-08,3.393956027972567e-05
0.016824376316013714,0.011339313964394976,1.6220986439410172e-08,3.556165892366669e-05
0.016952648783062702,0.011430483838756405,1.693046952285062e-08,3.725470587595175e-05
0.017081952580996592,0.011522386733300298,1.766960809733116e-08,3.9021666685684866e-05
0.017212296001878475,0.01161502854162462,1.8439579329246226e-08,4.086562461860949e-05
0.017343687404440995,0.011708415204712825,1.9241604386187573e-08,4.278978505722824e-05
0.0174761352146223,0.011802552711314801,2.0076949967193606e-08,4.479748005394761e-05
0.017609647926106416,0.011897447098330932,2.094692988160956e-08,4.689217304210856e-05
0.017744234100867947,0.011993104451199244,2.1852906677925553e-08,4.9077463709901116e-05
0.01787990236972107,0.012089530904285611,2.2796293323989767e-08,5.13570930423001e-05
0.01801666143287313,0.012186732641277216,2.3778554940030214e-08,5.3734948536303116e-05
0.01815452006048248,0.012284715895579041,2.4801210585945942e-08,5.621506959489771e-05
0.018293487093220966,0.012383486950713653,2.5865835104367322e-08,5.880165310533445e-05
0.01843357144284077,0.012483052140724088,2.6974061021013888e-08,6.149905920743584e-05
0.018574782092746014,0.012583417850580125,2.8127580503920137e-08,6.431181725782785e-05
0.018716148909834238,0.012684590516587699,2.9328147383121016e-08,6.724463199613996e-05
0.018858457585366115,0.012786576626801658,3.057757923244415e-08,7.030238991938437e-05
0.01900191044511493,0.01288938272144185,3.18777595150698e-08,7.349016587089135e-05
0.019146516688502382,0.012993015393312482,3.323063979457404e-08,7.681322985034874e-05
0.019292285588915024,0.01309748128822499,3.463824201319573e-08,8.027705405166831e-05
0.019439226494298877,0.013202787105424166,3.610266083911124e-08,8.388732013557944e-05
0.019587348827758932,0.01330893959801779,3.762606608453756e-08,8.76499267440332e-05
0.019736662088163444,0.013415945573409707,3.921070519652015e-08,9.157099726368521e-05
0.01988717585075302,0.013523811893736326,4.085890582230375e-08,9.565688784591558e-05
0.020038899767754765,0.013632545476306754,4.257307845122342e-08,9.991419569103792e-05
0.020191843569001187,0.01374215329404634,4.435571913508795e-08,0.00010434976760454671
0.020346017062554202,0.013852642375943858,4.620941228907796e-08,0.00010897070883345449
0.020501430135334092,0.013964019807502271,4.8136833575206045e-08,0.0001137843921909751
0.020658092753753493,0.014076292731193065,5.014075287044689e-08,0.00011879846747801978
0.020816014964356627,0.014189468346914369,5.222403732166685e-08,0.00012402087121018645
0.020975206894463496,0.014303553912452608,5.438965448954159e-08,0.00012945983665914063
0.021135678752819353,0.014418556743947963,5.664067558367123e-08,0.00013512390421750774
0.021297440830249398,0.014534484216363544,5.898027879118023e-08,0.00014102193209662578
0.02146050350031863,0.014651343763958295,6.14117527010821e-08,0.000147163107366734
0.02162487721999721,0.014769142880763812,6.393849982678538e-08,0.00015355695734941253
0.021789983089851687,0.014887889121064873,6.656404022911785e-08,0.00016021336137232432
0.02195563507867168,0.015007590099883903,6.929201524231781e-08,0.00016714256289655611
0.02212261893563256,0.015128253493469319,7.212619130546654e-08,0.00017435518202710276
0.022290945369164396,0.015249887039787748,7.507046390189292e-08,0.00018186222841729205
0.022460625173794782,0.015372498539020332,7.812886160913102e-08,0.00018967511457820515
0.022631669230841,0.015496095854062884,8.13055502620241e-08,0.00019780566960440755
0.022804088509107846,0.015620686911030144,8.46048372316574e-08,0.00020626615332757327
0.02297789406559105,0.01574627969976408,8.803117582282074e-08,0.00021506927090985536
0.023153097046186278,0.0158728822743462,9.158916979274346e-08,0.0002242281878891297
0.023329708686404015,0.016000502753614154,9.528357799391196e-08,0.0002337565456885209
0.023507740312090013,0.016129149321682308,9.911931914381172e-08,0.00024366847760290208
0.02368720334015159,0.016258830228466598,1.0310147672447167e-07,0.00025397862527534927
0.023868109279289847,0.016389553790213604,1.0723530401475527e-07,0.0002647021556768248
0.02405046973073758,0.016521328390033795,1.1152622925838183e-07,0.000275854778602663
0.024234296389003398,0.01665416247843922,1.1597986097069573e-07,0.0002874527646997325
0.024419601042621576,0.016788064573885354,1.206019933872589e-07,0.0002995129640384584
0.02460639557490808,0.016923043263317415,1.2539861205740037e-07,0.00031205282524419844
0.024794691964722622,0.017059107202721017,1.3037589958584563e-07,0.000325090415202783
0.02498450228723677,0.017196265117677224,1.3554024152568872e-07,0.00033864443935535183
0.025175838714708455,0.017334525803922196,1.4089823242593151e-07,0.000352734262597945
0.025368669899812672,0.017473898127911187,1.4645668203687959e-07,0.00036737993080163296
0.02556149445980623,0.017614391027387145,1.5222262167676988e-07,0.00038260219296930997
0.025755869359702525,0.017756013511953904,1.5820331076300666e-07,0.0003984225240456106
0.025951807064479072,0.01789877466365388,1.6440624351142365e-07,0.00041486314839675296
0.026149320139333857,0.018042683637550606,1.708391558070833e-07,0.0004319470639774613
0.026348421250490986,0.018187749662315733,1.775100322501067e-07,0.00044969806720247194
0.026549123166013055,0.01833398204082092,1.844271133801157e-07,0.0004681407785404836
0.02675143875661983,0.018481390150734342,1.915989030828731e-07,0.00048730066884877083
0.026955380996513775,0.018629983445122147,1.9903417618281966e-07,0.0005072040864670528
0.027160962964211926,0.018779771453054594,2.067419862251279e-07,0.0005278782850895655
0.02736819784338469,0.018930763780217193,2.1473167345107035e-07,0.0005493514524346726
0.02757709892370127,0.01908297010952668,2.2301287297042834e-07,0.0005716527397317154
0.027787679601681884,0.019236400201751956,2.3159552313479115e-07,0.0005948122920451946
0.02799995338155692,0.019391063896140065,2.404898741155555e-07,0.0006188612794567501
0.028213933876132868,0.019546971111047123,2.4970649669054e-07,0.0006438319291258042
0.028429634807665367,0.01970413184457442,2.592562912431578e-07,0.00066975755825012
0.02864707000873916,0.019862556175209562,2.6915049697803215e-07,0.0006966726079479232
0.028866253423155113,0.020022254262472755,2.7940070135715195e-07,0.0007246126780836383
0.029087199106824505,0.020183236347568387,2.9001884976053157e-07,0.0007536145630596914
0.02930992122867031,0.020345512754041714,3.010172553754144e-07,0.0007837162885972329
0.02953443407153592,0.020509093888440952,3.1240860931820795e-07,0.0008149571495290537
0.029759587938701832,0.020673990240984604,3.242059909931823e-07,0.0008473777486283719
0.029985847214030612,0.020840212386234166,3.364228786921078e-07,0.0008810200364975827
0.03021392564965158,0.021007770983772288,3.490731604390416e-07,0.000915927352541487
0.030443837871900685,0.021176676778886357,3.6217114508442684e-07,0.0009521444670499296
0.03067559862471191,0.02134694060325756,3.757315736527555e-07,0.000989717624415205
0.030909222770562794,0.021518573375655516,3.897696309480468e-07,0.0010286945875100097
0.03114472529142754,0.021691586102638466,4.0430095742138816e-07,0.0010691246832521487
0.031382121289737774,0.02186598987925911,4.1934166130487e-07,0.0011110588493826357
0.03162142598935109,0.02204179588977614,4.349083310161721e-07,0.0011545496824842529
0.031862654736527274,0.02221901540837145,4.510180478381692e-07,0.00119965148726807
0.03210582300091249,0.022397659799873144,4.6768839887785096e-07,0.0012464203271558552
0.03235094637653128,0.022577740520484318,4.849374903089488e-07,0.00129491407618675
0.03259804058278657,0.022759269118517746,5.027839609025756e-07,0.0013451924722770077
0.03284712146546784,0.022942257235136487,5.212469958502698e-07,0.0013973171718620347
0.03309820499776716,0.02312671660510037,5.403463408837782e-07,0.0014513518059504123
0.03335130728130364,0.023312659057518566,5.601023166960176e-07,0.0015073620376200142
0.033606444547155896,0.023500096516608122,5.805358336674503e-07,0.001565415620986759
0.033863633156902995,0.023689041002458677,6.016684069023723e-07,0.0016255824616769965
0.0341228896036737,0.023879504631803307,6.235221715793791e-07,0.0016879346788349345
0.034384230513204106,0.02407149961879552,6.461198986203933e-07,0.0017525466686969739
0.03464719338095509,0.024265038275792572,6.694850106825691e-07,0.0018194951697652307
0.0349105676016171,0.02446013301414498,6.936415984773894e-07,0.0018888593296129696
0.03517605939259095,0.024656796344992474,7.186144374212651e-07,0.001960720773355096
0.03544368577947624,0.02485504088006636,7.444290046219212e-07,0.0020351636738172884
0.03571346392476111,0.025054879332498232,7.711114962047981e-07,0.0021122748234377684
0.03598541112892277,0.025256324517635292,7.986888449836904e-07,0.0021921437079361374
0.036259544831537,0.025459389353862116,8.271887384798684e-07,0.0022748625817841242
0.036535882612396514,0.025664086863429147,8.566396372937472e-07,0.002360526545513499
0.036814442192638366,0.025870430173287794,8.870707938332734e-07,0.0024492336248968264
0.037095241435880354,0.02607843251593222,9.185122714031437e-07,0.002541084852037141
0.037378298349366554,0.02628810723024793,9.509949636587692e-07,0.0026361843484030176
0.03766363108512214,0.026499467762367168,9.845506144290881e-07,0.0027346394098459264
0.037951257941117415,0.02671252766653119,1.0192118379120033e-06,0.0028365605936371266
0.038241197362441276,0.026927300605959523,1.0550121392464463e-06,0.002942061807561771
0.038533467942484044,0.02714380035372612,1.0919859354648036e-06,0.0030512604011082517
0.03882808842412984,0.027362040793642635,1.1301685768293373e-06,0.003164277258791185
0.03912507770095852,0.027582035921148742,1.1695963685564718e-06,0.003281236895646832
0.03942445481845727,0.027803799844209647,1.210306592932269e-06,0.003402267554940059
0.039726238975242065,0.028027346784220863,1.252337531822823e-06,0.003527501308122341
0.04003044952428875,0.02825269107692014,1.295728489582759e-06,0.003657074157080617
0.04033710597417417,0.028479847173306844,1.3405198163653679e-06,0.003791126138717154
0.04064414823284318,0.028708829640568635,1.386752931837358e-06,0.00392980143190089
0.04095319121065676,0.028939653163015652,1.4344703493016158e-06,0.004073248466831051
0.04126471894279922,0.02917233254302224,1.4837157002306778e-06,0.004221620036854119
0.04157875140708764,0.029406882701976167,1.5345337592140298e-06,0.004375073412775522
0.041895308741963844,0.029643318681235473,1.5869704693220167e-06,0.004533770459707724
0.042214411247785986,0.029881655643093148,1.6410729678887001e-06,0.004697877756496594
0.042536079388130234,0.030121908871749353,1.6968896127166735e-06,0.004867566717768262
0.04286033379110318,0.030364093774291678,1.7544700087057548e-06,0.0050430137186388375
0.043187195250664674,0.03060822588168312,1.8138650349081467e-06,0.005224400222129652
0.043516684727961205,0.030854320849758043,1.8751268720118704e-06,0.005411912909330839
0.04384882335267028,0.031102394460226234,1.938309030254682e-06,0.005605743812356307
0.044183632424355246,0.03135246262168486,2.0034663777699554e-06,0.005806090450133303
0.04452113341383141,0.03160454137063878,2.0706551693665605e-06,0.006013155967069959
0.044861347964542775,0.03185864687252887,2.1399330757436207e-06,0.006227149274644321
0.04520429789395003,0.03211479542276867,2.2113592131418893e-06,0.00644828519595851
0.04555000519492972,0.03237300344778945,2.284994173432639e-06,0.006676784613301775
0.04589849203718457,0.032633287506093546,2.3609000546448916e-06,0.006912874618766263
0.04624978076866523,0.03289566428931631,2.4391404919316046e-06,0.007156788667959424
0.04660389391700344,0.033160150623296476,2.519780688975761e-06,0.0074087667368570006
0.04696085419095654,0.033426763469155116,2.602887449835859e-06,0.007669055481840586
0.047319457121502255,0.03369551992438348,2.688529211231441e-06,0.007937908402963729
0.04767919653941087,0.033966437223939265,2.7767760752683184e-06,0.00821558601049056
0.04804182831902996,0.034239532741352,2.867699842602925e-06,0.008502355994750853
0.04840737571540428,0.034514823989837136,2.9613740460453715e-06,0.00879849339935539
0.048775862170552825,0.03479232862341912,3.0578739846000356e-06,0.009104280797815393
0.04914731131497208,0.03507206443806352,3.1572767579427728e-06,0.009420008473609671
0.049521746969151514,0.03535404937281833,3.2596613013330343e-06,0.009745974603742973
0.04989919314510106,0.03563830151096429,3.365108420959582e-06,0.010082485445838932
0.05027967404789103,0.035924839081174595,3.4737008297172758e-06,0.010429855528810658
0.050663214077204276,0.03621368045868382,3.585523183413232e-06,0.010788407847151982
0.05104983782890097,0.03650484416646632,3.7006621173994985e-06,0.011158474058891933
0.05143957009659589,0.03679834887642413,3.819206283629158e-06,0.01154039468725485
0.05183243587324841,0.037094213410584304,3.941246388133308e-06,0.011934519326068179
0.05222846035276522,0.03739245674230597,4.0668752289148256e-06,0.01234120684895966
0.052627668931615995,0.037693097997497045,4.196187734255377e-06,0.012760825622385197
0.05303008721046201,0.03799615645584076,4.329281001431583e-06,0.013193753722528357
0.05343574099579796,0.03830165155203206,4.466254335835529e-06,0.01364037915611191
0.053844656301606786,0.038609602877023905,4.607209290495498e-06,0.01410110008516146
0.054256859351028,0.038920030179283624,4.752249705990391e-06,0.014576325055760498
0.05467237657803926,0.039232953366059316,4.901481750754342e-06,0.01506647323083593
0.05509119817557275,0.03954839250465647,5.055013961763121e-06,0.015571974627012243
0.0555099526145107,0.039866367823724935,5.212957285598169e-06,0.01609327035557206
0.055932073905244635,0.04018689971455608,5.375425119880676e-06,0.01663081286756013
0.05635758911779453,0.04051000873239049,5.542533355067953e-06,0.017185066203066923
0.05678652553982754,0.040835715597736084,5.714400416606106e-06,0.017756506244727535
0.05721891067840799,0.041164041197696954,5.891147307429844e-06,0.01834562097547052
0.05765477226176136,0.04149500658731283,6.072897650801798e-06,0.018952910740550697
0.05809413824105245,0.04182863299090927,6.259777733482079e-06,0.019578888513898905
0.05853703679217784,0.042164941803458776,6.451916549219865e-06,0.020224080168820893
0.058983496317572735,0.04250395459195278,6.649445842555787e-06,0.02088902475307647
0.05943354544803238,0.042845693096784716,6.852500152926912e-06,0.02157427476836916
0.05988721304454819,0.043190179233144256,7.0612168590625395e-06,0.022280396454275417
0.06034452820015851,0.04353743509242264,7.275736223660071e-06,0.023007970076641425
0.06080552024181429,0.0438874829436294,7.4962014383300056e-06,0.023757590220474425
0.06127021873225978,0.04424034523482038,7.722758668797435e-06,0.024529866087354166
0.061738653471928334,0.04459604459453734,7.955557100348557e-06,0.025325421797389024
0.06221085450085355,0.04495460383325911,8.194748983507949e-06,0.02614489669573982
0.06268685210059563,0.04531604594486438,8.440489679934729e-06,0.026988945663733298
0.06316667679618332,0.04568039410810626,8.692937708522729e-06,0.02785823943458557
0.06365035935807135,0.046047671688098646,8.952254791690542e-06,0.028753464913754623
0.06413793080411379,0.04641790223781465,9.218605901846884e-06,0.02967532550393931
0.06462696585890307,0.046791109499597035,9.492159308014708e-06,0.03062454143474078
0.06511834043479492,0.047167317406680745,9.77308662260024e-06,0.031601850097000804
0.06561366573984814,0.047546550084727725,1.006156284828785e-05,0.03260800638182959
0.06611297353854881,0.047928831853373995,1.0357766425045967e-05,0.033643783024334184
0.06661629585077453,0.0483141872277893,1.0661879277224608e-05,0.03470997095205665
0.06712366495384782,0.04870264092024927,1.0974086860728488e-05,0.035807379638129494
0.06763511338460598,0.04909421784172012,1.129457821024507e-05,0.036936837459154
0.06815067394148754,0.0494889431034561,1.1623545986509168e-05,0.03809919205780491
0.06867037968663572,0.049886842018609996,1.1961186523584568e-05,0.03929531071016337
0.06919426394801854,0.050287940103856274,1.2307699876142403e-05,0.04052608069777761
0.06972236032156619,0.05069226308102752,1.2663289866714115e-05,0.04179240968444902
0.07025470267332543,0.05109983687876393,1.3028164132898963e-05,0.04309522609773892
0.07079132514163133,0.05151068763417602,1.340253417450407e-05,0.04443547951518933
0.07133226213929669,0.051924841694520836,1.3786615400592263e-05,0.04581414105524855
0.0718775483558186,0.05234232561889149,1.4180627176417596e-05,0.047232203772890315
0.07242721875960327,0.05276316617992043,1.4584792870222488e-05,0.04869068305991256
0.07298130860020846,0.05318739036549633,1.4999339899872264e-05,0.050190617049899786
0.07353985341060382,0.05361502538049464,1.5424499779303486e-05,0.05173306702783013
0.0741028890094498,0.05404609864852242,1.5860508164759482e-05,0.05331911784430607
0.07467045150339442,0.05448063781367676,1.6307604900786424e-05,0.05494987833438471
0.07524161233690783,0.05491867074231774,1.6766034065964955e-05,0.056626481740981206
0.0758136120071529,0.055360225524855346,1.7236044018347973e-05,0.058350086142816004
0.07639021064504581,0.055805330477550846,1.7717887440578177e-05,0.06012187488687382
0.07697144522701249,0.05625401414433281,1.8211821384656775e-05,0.0619430570253395
0.0775573530267751,0.05670630529862739,1.8718107316332835e-05,0.06381486775697279
0.07814797161774249,0.05716223294520372,1.923701115908552e-05,0.06573856887288133
0.07874333887541966,0.05762182632203384,1.9768803337667378e-05,0.06771544920664808
0.07934349297983653,0.05808511490216764,2.0313758821179086e-05,0.06974682508876598
0.07994847241799666,0.05855212839562308,2.087215716564374e-05,0.07183404080533036
0.08055831598634498,0.059022896751291236,2.1444282556047563e-05,0.07397846906093512
0.08117306279325616,0.0594974501588571,2.203042384781681e-05,0.0761815114457168
0.08179275226154231,0.059975819050735485,2.263087460769607e-05,0.07844459890648642
0.0824174241309811,0.060458034104022534,2.3245933153994124e-05,0.08076919222188583
0.08304711846086443,0.06094412624246322,2.3875902596164812e-05,0.08315678248150231
0.08368187563256707,0.061434126638434165,2.452109087368501e-05,0.0856088915688708
0.08432173635213655,0.06192806671494296,2.518181079419881e-05,0.08812707264829069
0.08496674165290334,0.06242597814764301,2.585838007088723e-05,0.09071291065537941
0.08561693289811244,0.06292789286686505,2.6551121359031365e-05,0.09336802279128255
0.08627235178357591,0.06343384305966475,2.726036229172813e-05,0.09609405902045536
0.08693304034034655,0.06394386117188665,2.7986435514724178e-05,0.09889270257192777
0.08759904093741366,0.06445797991024517,2.872967872032835e-05,0.1017656704439606
0.0882659920224082,0.06497623224442174,2.9490434680365308e-05,0.10471471391199715
0.08893722278565439,0.06549865140917929,3.0269051278130645e-05,0.10774161903981021
0.08961385035020138,0.06602527090649356,3.106588153930782e-05,0.11084820719374099
0.0902959181071835,0.0665561245077013,3.188128366180667e-05,0.11403633555992164
0.09098346979660685,0.06709124625566631,3.271562104448633e-05,0.11730789766437028
0.09167654951015387,0.06763067046696225,3.35692623147182e-05,0.12066482389584209
0.09237520169401128,0.06817443173407355,3.444258135474768e-05,0.12410908203131686
0.09307947115172008,0.06872256492761364,3.533595732681611e-05,0.12764267776399849
0.09378940304704876,0.06927510519856116,3.62497746969984e-05,0.1312676552336983
0.09450504290688973,0.06983208798051421,3.718442325771417e-05,0.13498609755946972
0.09522643662417872,0.07039354899196258,3.8140298148872104e-05,0.13880012737435693
0.09595363046083798,0.07095952423857838,3.911779987759859e-05,0.14271190736211678
0.0966866710507429,0.07153005001552501,4.011733433651696e-05,0.14672364079576847
0.09742560540271253,0.07210516290978468,4.1139312820519305e-05,0.1508375720778204
0.09817048090352433,0.07268489980250475,4.218415204200451e-05,0.15505598728202086
0.09892134532095287,0.0732692978713628,4.3252274144521854e-05,0.15938121469647304
0.09967824680683318,0.07385839459295081,4.4344106714783034e-05,0.16381562536795133
0.10044123390014874,0.07445222774517854,4.546008279300264e-05,0.1683616336472516
0.10121035553014394,0.07505083540969598,4.660064088150819e-05,0.17302169773540244
0.10198566101946217,0.07565425597433573,4.776622495159051e-05,0.17779832023056147
0.10276464785854456,0.0762625281355745,4.89572844485347e-05,0.18269404867541494
0.10354609651890472,0.07687569090101494,5.017427429479813e-05,0.18771147610489475
0.10433382814985798,0.07749378359188679,5.141765489127871e-05,0.19285324159402262
0.10512789326747983,0.07811684584556881,5.268789211663838e-05,0.19812203080568644
0.10592834279400298,0.07874491761813059,5.398545732462557e-05,0.203520576538149
0.10673522806108278,0.07937803918689465,5.5310827339357834e-05,0.20905165927208477
0.1075486008130894,0.08001625115301975,5.6664484448517e-05,0.21471810771693647
0.10836851321042568,0.08065959444410416,5.804691639440768e-05,0.22052279935637725
0.10919501783287251,0.08130811031681068,5.945861636283591e-05,0.22646866099266086
0.11002816768296053,0.08196184035951215,6.090008296976332e-05,0.2325586692896372
0.1108680161893689,0.08262082649495839,6.23718202456871e-05,0.23879585131420591
0.11171461721035204,0.0832851109829649,6.387433761769917e-05,0.24518328507597584
0.11256802503719303,0.08395473642312262,6.54081498891909e-05,0.25172410006489493
0.11342829439768556,0.08462974575753004,6.697377721713218e-05,0.2584214777866081
0.11429548045964344,0.08531018227354689,6.85717450869141e-05,0.26527865229529957
0.11516963883443827,0.08599608960657,7.020258428467548e-05,0.2722989107237671
0.11605082558056605,0.08668751174283183,7.186683086709761e-05,0.27948559381047683
0.11693909720724173,0.08738449302222095,7.356502612859562e-05,0.2868420964233364
0.11783451067802342,0.08808707814112574,7.529771656589288e-05,0.2943718680799257
0.11873712341446523,0.08879531215530057,7.70654538398995e-05,0.3020784134639157
0.11964696165879839,0.08950924048275513,7.886879473488156e-05,0.30996529293740377
0.12055685390776985,0.0902289089066672,8.070830111486705e-05,0.3180361230488905
0.1214740618340637,0.09095436357831836,8.258453987723114e-05,0.32629457703661363
0.12239864425688053,0.09168565102005395,8.449808290344637e-05,0.33474438532695827
0.12333066046833664,0.09242281812826628,8.644950700693613e-05,0.34338933602765187
0.1242701702372661,0.09316591217640191,8.843939387799365e-05,0.35223327541545124
0.12521723381305408,0.0939149808179936,9.046833002572985e-05,0.3612801084180242
0.1261719119295001,0.09467007208971581,9.253690671700954e-05,0.37053379908972517
0.1271342658087132,0.09543123441446562,9.464571991233682e-05,0.37999837108095885
0.12810435716503782,0.09619851660446781,9.679537019864234e-05,0.3896779081008231
0.12908224820901132,0.09697196786440505,9.89864627189531e-05,0.3995765543727184
0.13006800165135374,0.09775163779457358,0.00010121960709888778,0.40969851508260724
0.13106168070698912,0.09853757639406369,0.00010349541736995308,0.42004805681960256
0.13206334909909956,0.09932983406396637,0.00010581451188960716,0.43062950800856326
0.13307307106321162,0.10012846161060535,0.00010817751325804539,0.4414472593343678
0.13409091135131543,0.10093351024879509,0.00011058504823168163,0.45250576415753596
0.13511693523601764,0.10174503160512541,0.00011303774763329964,0.4638095389208659
0.1361512085147267,0.10256307772127189,0.00011553624625882075,0.475363163546748
0.1371937975138728,0.1033877010573336,0.00011808118278068968,0.487171281824817
0.13824476909316094,0.10421895449519684,0.00012067319964781392,0.4992386017895984
0.13930419064985883,0.10505689134192685,0.0001233129429820586,0.5115698960878042
0.14036711701249394,0.10590156533318601,0.00012600106247124843,0.524170002334929
0.14143538066377684,0.10675303063667983,0.0001287382112586621,0.5370438234607953
0.14251223332345817,0.10761134185563087,0.00013152504582899727,0.550196328043695
0.1435977440485213,0.10847655403228006,0.00013436222589075937,0.563632550632771
0.14469198245117873,0.10934872265141675,0.00013725041425509524,0.5773575920582804
0.14579501870333622,0.11022790364393678,0.00014019027671099973,0.5913766197293804
0.14690692354109247,0.11111415339042906,0.00014318248189692086,0.6056948679190725
0.14802776826927588,0.11200752872479154,0.00014622770116871542,0.6203176380359441
0.14915762476601666,0.11290808693787549,0.00014932660846395346,0.6352502988823394
0.15029656548735673,0.11381588578115981,0.00015247988016255367,0.6504982868985948
0.15144466347189597,0.11473098347045439,0.00015568819494373362,0.6660671063929681
0.15260199234547606,0.1156534386896333,0.0001589522336392645,0.6819623297568945
0.1537686263259022,0.11658331059439843,0.00016227267908302588,0.6981895976651972
0.1549446402277023,0.1175206588160726,0.00016565021595684205,0.7147546192608812
0.15613010946692502,0.11846554346542408,0.00016908553063259876,0.7316631723241411
0.157325110065976,0.1194180251365212,0.00017257931101063648,0.7489211034252048
0.15852971865849275,0.12037816491061798,0.00017613224635442152,0.766534328060647
0.15974401249425968,0.1213460243600716,0.00017974502712147475,0.7845088307727945
0.16096806944416134,0.12232166555229049,0.0001834183447905831,0.8028506652518528
0.16220196800517672,0.123305151053715,0.0001871528916852766,0.8215659544203805
0.16344286733548644,0.12429654393382958,0.00019094936079359505,0.8406608904997401
0.16468371333794563,0.12529590776920704,0.000194808445584121,0.8601417350581522
0.16593453593815155,0.12630330664758618,0.0001987308398183206,0.8800148190399842
0.16719541534952492,0.12731880517198108,0.00020271723735918772,0.900286542775903
0.16846643243041534,0.12834246846482447,0.0002067683319761896,0.920963375973522
0.1697476686892859,0.12937436217214346,0.0002108848171465501,0.9420518576881769
0.17103920628994093,0.13041455246776984,0.00021506738585288935,0.9635585962734659
0.1723411280567947,0.1314631060575834,0.0002193167303772143,0.9854902693111872
0.1736535174801825,0.13252009018378955,0.00022363354209129375,1.0078536235203166
0.1749764587217156,0.13358557262923187,0.00022801851124345997,1.0306554746446628
0.17631003661967748,0.13465962172173854,0.0002324723267418257,1.0539027073188454
0.17765433669446506,0.13574230633850437,0.0002369956759339753,1.077602274912243
0.17900944515407274,0.13683369591050773,0.00024158924438314827,1.1017611993505576
0.18037544889962065,0.13793386042696282,0.00024625371564092737,1.1263865709146503
0.18175243553092785,0.13904287043980842,0.0002509897710165201,1.1514855480163022
0.18314049335212948,0.14016079706823176,0.0002557980893426021,1.1770653569505625
0.18453971137734018,0.1412877120032298,0.00026067934673781483,1.203133291624344
0.18595017933636207,0.14242368751220638,0.00026563421636593304,1.2296967132609373
0.18737198768043878,0.14356879644360654,0.00027066336819175625,1.256763050080113
0.18880522758805657,0.14472311223158854,0.0002757674687337599,1.2843397969534889
0.19024999097079087,0.14588670890073263,0.00028094718081356646,1.3124345150348455
0.19169829510874992,0.14705966107078852,0.0002862031633022906,1.3410548313650745
0.19315620042780302,0.14824204396146054,0.0002915360708637916,1.370208438451454
0.19462582753577434,0.14943393339723107,0.00029694655369490376,1.3999030938209442
0.19610727067769745,0.15063540581222365,0.0003024352572627199,1.4301466195472161
0.19760062485635044,0.15184653825510386,0.0003080028220389461,1.4609469017511107
0.19910598583834904,0.15306740839402097,0.000313649883231446,1.4923118900742554
0.20062345016028774,0.15429809452158846,0.0003193770705129744,1.5242495971255527
0.20215311513493017,0.15553867555990455,0.0003251850077472508,1.5567680979002778
0.20369507885745028,0.15678923106561382,0.00033107431271235373,1.5898755291715132
0.20524944021172242,0.15804984123500865,0.00033704559682159313,1.6235800888536724
0.2068162988766631,0.15932058690917242,0.00034309946484187466,1.65789003533786
0.20839575533262314,0.16060154957916356,0.00034923651460967974,1.6928136867988282
0.2099879108678308,0.16189281139124131,0.0003554573367446975,1.728359420473298
0.21159286758488827,0.16319445515213407,0.00036176251436123135,1.7645356719094212
0.2132107284073182,0.1645065643343491,0.0003681526227774623,1.8013509341871674
0.21484159708616507,0.16582922308152606,0.0003746282292226196,1.8388137571094292
0.21648557820664807,0.16716251621383274,0.0003811898925422022,1.8769327463636496
0.21814277719486774,0.16850652923340423,0.00038783816290131163,1.9157165626537809
0.21981330032456747,0.16986134832982655,0.0003945735814861807,1.9551739208023988
0.2214972547239481,0.1712270603856634,0.0004013966802040701,1.9953135888228057
0.22318914239893983,0.1726037529820282,0.0004083079813815128,2.0361443869609572
0.22488617331734453,0.17399151440420013,0.0004153079974611169,2.077675186707069
0.22659684863223603,0.1753904336472861,0.0004223972306969899,2.1199149097767678
0.22832127804671618,0.17680060042192783,0.0004295761728488847,2.1628725270616567
0.2300595721459167,0.1782221051600544,0.00043684530487518277,2.206557057549175
0.23181184240409178,0.1796550390206823,0.0004442050966248504,2.2509775672116596
0.2335782011917657,0.18109949389576058,0.0004516560065284457,2.2961431678645043
0.2353587617829398,0.1825555624160642,0.000459198481288315,2.342063015993336
0.23715363836235634,0.1840233379571343,0.00046683295556810043,2.388746311550146
0.23896294603282056,0.18550291464526578,0.0004745598516816759,2.4362022967183137
0.24078680082258286,0.1869943873635442,0.0004823795792816152,2.4844402546464748
0.24262531969277873,0.18849785175792977,0.0004902925350473464,2.5334695081512097
0.24447862054492986,0.1900134042433915,0.0004982991023731215,2.583299418388522
0.24634682222850482,0.19154114201009004,0.0005063996510558895,2.633939383494111
0.24823004454854045,0.19308116302961,0.0005145945369832545,2.685398837192436
0.25012840827332533,0.19463356606124338,0.0005228841018216137,2.7376872473745975
0.2520420351421437,0.196198450658322,0.000531268672704659,2.7908141146450633
0.2539710478730832,0.19777591717460263,0.0005397485619222891,2.844788970837292
0.2559155701709043,0.19936606677070193,0.0005483240666101962,2.899621377498312
0.2578757267349731,0.20096900142058374,0.0005569954684401471,2.9553209243423266
0.25985164326725835,0.20258482391809893,0.0005657630333111678,3.011897227673443
0.2618271668787105,0.20421363788357683,0.000574627011041793,3.0693599287776223
0.26381856575836743,0.2058555477704709,0.0005835876350634263,3.127718692283965
0.2658259757993902,0.2075106588720568,0.0005926451221151179,3.186983204495477
0.26784952573404375,0.20917907732818447,0.000601799671939702,3.2471631716894476
0.26988934532962094,0.21086091013208538,0.0006110514669816458,3.3082683183876123
0.27194556539676384,0.21255626513723314,0.0006204006720866339,3.370308385596276
0.27401831779785313,0.21426525106426061,0.0006298474342030771,3.433293129016584
0.27610773545546335,0.21598797750793142,0.0006393918820857071,3.4972323172251545
0.278213952360888,0.2177245549441686,0.0006490341260013835,3.5621357298252927
0.28033710358273156,0.21947509473713905,0.0006587742574372782,3.628013155569021
0.2824773252755711,0.2212397091463949,0.0006686123488116665,3.6948743904501877
0.2846347546886887,0.22301851133407324,0.0006785484531872974,3.762729235768917
0.28680953017487154,0.22481161537215208,0.0006885826039877428,3.8315874961676912
0.2890017911992855,0.2266191362497665,0.0006987148147166586,3.901458977639357
0.29121167834841855,0.22844118988058248,0.0007089450786802747,3.972353485507384
0.2934393333390956,0.2302778931102297,0.0007192733687131776,4.044280822378702
0.295684899027568,0.23212936372379567,0.0007296996369076209,4.117250786069464
0.2979485194186732,0.23399572045337813,0.0007402238143464256,4.191273167504107
0.30023033967507057,0.23587708298569995,0.00075084581083975,4.266357748588082
0.3025305061265505,0.23777357196978421,0.0007615655146657743,4.34251430005466
0.30483751579654034,0.2396853090246908,0.00077238279231555,4.4197525792862145
0.3071552785947625,0.24161241674731646,0.0007832974882421065,4.498082328110425
0.30949167657177723,0.24355501872025595,0.0007943094246140261,4.577513270571828
0.3118468595573641,0.24551323951972795,0.0008054184010736168,4.658055110679189
0.31422097858595754,0.2474872047235635,0.0008166241944998464,4.739717530129174
0.3166141859063325,0.24947704091925899,0.0008279265587762105,4.822510186006795
0.3190266349913686,0.2514828757120947,0.0008393252245636827,4.906442708463164
0.3214584805478909,0.253504837733317,0.0008508198990788767,4.991524698371051
0.3239098785265924,0.2555430566483882,0.0008624102658776646,5.077765724958818
0.32638098613203437,0.2575976631653014,0.0008740959846443007,5.165175323423248
0.32887196183272677,0.25966878904296214,0.0008858766909862659,5.2537629925218745
0.3313829653712923,0.26175656709963896,0.0008977519962349731,5.343538192145371
0.3339141577747088,0.26386113122147964,0.0009097214872525323,5.434510340870625
0.33646570136463705,0.26598261637109827,0.0009217847262445992,5.526688813495085
0.33903775976782946,0.2681211585962295,0.0009339412505796419,5.620082938553049
0.3416304979266229,0.27027689503845287,0.000946190572614609,5.71470199581451
0.34424408210951746,0.27244996394198856,0.0009585321795272214,5.810555213767232
0.3468786799218373,0.27464050466256135,0.0009709655331550969,5.907651767082742
0.34953446031648067,0.2768486576763386,0.0009834900698416815,6.00600077406691
0.3522115936047534,0.27907456458893815,0.0009961052002893126,6.105611294095841
0.3549059159702552,0.28131836814450906,0.0010088103094194364,6.206492325037784
0.357604237363673,0.2835802122348863,0.0010216047562401542,6.3086528006618
0.36032425368706583,0.28586024190881737,0.001034487873721312,6.412101588033932
0.3630661393710959,0.28815860338126525,0.0010474589686770685,6.516847484901639
0.36583007024887493,0.2904754440427838,0.001060517321656299,6.6228992170672685
0.36861622356724083,0.29281091246897034,0.0010736621868408418,6.7302654357513525
0.37142477799812446,0.29516515842999375,0.0010868927919517187,6.838954714946524
0.3742559136500063,0.2975383329001981,0.001100208338163499,6.948975548762874
0.3771098120794684,0.29993058806778566,0.0011136080000269143,7.060336348765565
0.3799866563028357,0.3023420773445753,0.0011270909253997719,7.1730454413055424
0.3828866308079135,0.30477295537584154,0.0011406562353864426,7.2871110648441855
0.3858099215658186,0.30722337805023137,0.0011543030242858908,7.402541367272775
0.3887567160429042,0.3096935025097606,0.0011680303595483896,7.519344403227614
0.39172720321278326,0.3121834871598923,0.0011818372817410945,7.637528131401723
0.39472157356844567,0.31469349167969385,0.0011957228045224872,7.757100411853972
0.3977400191344757,0.317223677032078,0.0012096859146258664,7.878069003316559
0.40078273347936555,0.31977420547412466,0.0012237255718519934,8.000441560501757
0.4038499117279281,0.32234524056748604,0.0012378407090707863,8.124225631408837
0.40694175057381116,0.3249369471888761,0.0012520302322325942,8.249428654632096
0.4100584482921101,0.32754949154064344,0.0012662930203885504,8.376057956670952
0.4132002047520834,0.3301830411614298,0.0012806279257206034,8.504120749243011
0.41634672129213923,0.33283776493691447,0.0012950337735810223,8.633624126601113
0.4195133188709563,0.33551383311064337,0.0013095093625415317,8.764575062855267
0.422705376394204,0.33821141729494836,0.001324053464452193,8.896980409300486
0.4259230985638547,0.3409306904819508,0.001338664824509929,9.030846891751478
0.42916669172771693,0.3436718270546564,0.0013533421613370162,9.166181107885182
0.43243636389266865,0.34643500279813794,0.0013680841670694007,9.302989524592121
0.43573232473799517,0.3492203949108073,0.0013828895074549207,9.441278475337613
0.4390547856288372,0.35202818201578034,0.0013977568219615823,9.581054157533773
0.4424039596297437,0.3548585441723302,0.001412684723895826,9.722322629923354
0.44578006151833705,0.3577116628874357,0.0014276718005309494,9.86508980997645
0.44918330779908494,0.3605877211274199,0.0014427166132454819,10.009361471300998
0.45261391671718554,0.3634869033296842,0.0014578176976719503,10.155143241068194
0.456072108272563,0.366409395414536,0.0014729735638555966,10.302440597453751
0.4595581042339752,0.369355384797111,0.0014881826964234129,10.451258867096094
0.4630721281532359,0.37232506039939217,0.0015034435547633615,10.601603222572429
0.46661440537955096,0.37531861266232536,0.0015187545732138557,10.753478679893815
0.4701851630739693,0.3783362335580314,0.0015341141612633983,10.906890096020156
0.4737846302239507,0.38137811660211757,0.001549520703760619,11.061842166396216
0.4774130376580503,0.3844444568660872,0.0015649725611343668,11.218339422509654
0.4810706180607205,0.3875354509898485,0.0015804680696241452,11.376386229472068
0.48474520658534953,0.39065129719432645,0.0015960055415208472,11.535986783624153
0.48843064654807883,0.39379219529417336,0.00161158326541746,11.6971451101659
0.4921457180299127,0.3969583467105829,0.0016271995064702244,11.859865060812922
0.49589065927294296,0.4001499544842071,0.001642852506669797,12.024150311479904
0.49966571043476415,0.403367223288176,0.0016585404851225717,12.19000435999216
0.5034711136038771,0.40661035944122487,0.001674261638342109,12.357430523826372
0.507307112815212,0.4098795709209239,0.001690014140550605,12.526431937881433
0.5111739540657785,0.4131750673770158,0.0017057961439904217,12.697011552280474
0.5150718853304412,0.41649706014486065,0.0017216057792454435,12.869172130205017
0.5190011565778205,0.41984576225898695,0.0017374411555724422,13.042916245762262
0.5229620197863257,0.4232213884667558,0.0017533003612422641,13.21824628188649
0.5269547289603113,0.42662415524213027,0.0017691814638906918,13.395164428275558
0.5309795401463672,0.43005428079955865,0.0017850825108790796,13.573672679363465
0.5350367114497387,0.433511985107968,0.00180100152966463,13.75377283232993
0.5391265030508767,0.4369974899048692,0.0018169365281800686,13.935466485147938
0.5432491772221253,0.4405110187105788,0.0018328854952229198,14.11875503467023
0.5474049983445392,0.44405279684255167,0.0018488464008540302,14.303639674755633
0.5515942329248384,0.44762305142983055,0.0018648171968053328,14.490121394436168
0.5558171496124998,0.451222011427612,0.001880795816896843,14.678200976125853
0.560074019216983,0.4548499076319272,0.001896780177462602,14.867878993872113
0.5643651147250994,0.45850697269444507,0.0019127681777856187,15.059155811650676
0.5686558487309923,0.4621934411373904,0.001928757700541547,15.25203158170483
0.5729810092332659,0.46590954936858364,0.0019447466122510775,15.446506242929939
0.5773409447087724,0.4696555356966018,0.0019607327637408854,15.642579519304029
0.5817359347537854,0.47343164034605917,0.0019767139906130124,15.840250918365328
0.586166261212578,0.47723810547301526,0.0019926881137224696,16.039519729737574
0.5906322081954956,0.48107517518050197,0.002008652939663047,16.24038502370388
0.5951340620971751,0.48494309553417825,0.002024606261261049,16.442845649829984
0.5996721116149126,0.4888421145781101,0.0020405458580769,16.646900235637673
0.6042466477671742,0.4927724823506758,0.0020564694969144345,16.85254718532912
0.6088579639122619,0.49673445090060275,0.0020723749323376607,17.059784678562885
0.6135063557671243,0.5007282743031297,0.002088259907194996,17.268610669282385
0.6181921214263211,0.5047542086763004,0.002104122153150434,17.479022884597427
0.6229155613811395,0.5088125121973883,0.002119959391222002,17.691018823719627
0.6276769785388627,0.5129034451194519,0.002135769332326887,17.904595756952315
0.6324766782421982,0.5170272697880265,0.002151549677833112,18.119750724735628
0.6373149682888561,0.5211842506579466,0.002167298120117969,18.336480536747423
0.6421921589512886,0.5253746543103051,0.0021830123431323943,18.554781771060664
0.6471085629965884,0.5295987494695497,0.002198690022971544,18.774650773357816
0.6520644957065428,0.5338568070207134,0.002214328828451269,18.996083656202945
0.6570602748978567,0.5381491000267894,0.0022299264216901903,19.219076298371967
0.6620715070679644,0.5424759037462397,0.0022454804586972414,19.443624344241687
0.6671064159916843,0.5468374956506483,0.0022609885899644642,19.669723203238135
0.6721818063779893,0.5512341554425132,0.002276448461064858,19.89736804934462
0.6772980037042298,0.5556661650731861,0.002291857713254956,20.126553820670118
0.6824553360646449,0.5601338087609515,0.0023072139840821333,20.357275219078332
0.6876541341914031,0.5646373730092539,0.0023225149079960645,20.589526709877937
0.6928947314758126,0.569177146625071,0.002337758116964592,20.823302521574398
0.6981774639896982,0.573753420737433,0.002352941241093338,21.058596645683732
0.703502670506957,0.5783664888160945,0.00236806190924893,21.295402836608623
0.7088706925252818,0.5830166466903534,0.002383117749685881,21.533714611577214
0.7142818742880598,0.5877041925680212,0.0023981063906764206,21.773525250644855
0.7197365628064507,0.5924294270545483,0.0024130254611435618,22.01482779675921
0.7252351078816365,0.5971926531722985,0.002427872591296646,22.257615055888873
0.730777862127258,0.6019941763799851,0.0024426454132694324,22.50187959721582
0.7363651809920246,0.6068343045922568,0.0024573415617605335,22.74761375339187
0.7419974227825095,0.6117133481994451,0.0024719586746756775,22.99480962085944
0.7476749486861277,0.6166316200874689,0.002486494393771731,23.243459060236614
0.7533981227942965,0.6215894356578977,0.0025009463653022862,23.493553696766842
0.7591673121257873,0.6265871128481814,0.002515312240664355,23.745084920833275
0.7649828866502599,0.6316249721520364,0.002529589677045986,23.99804388853787
0.7708356169028517,0.636703336639999,0.0025437763380748366,24.252421522345358
0.7766969227249689,0.6418225319801445,0.002557869894466914,24.50820851179205
0.782605354371194,0.6469828864589692,0.002571868024675612,24.765395314259607
0.7885612907405928,0.652184731002446,0.0025857684155406596,25.023972155813674
0.794565113778639,0.6574283991972447,0.0025995687629368712,25.28392903210736
0.8006172085017085,0.6627142273121246,0.0026132667724220113,25.54525570934956
0.8067179630217697,0.6680425543194991,0.002626860159884071,25.80794172533797
0.8128677685712707,0.6734137219171719,0.0026403466521873918,26.071976390556706
0.8190670195282326,0.6788280745502526,0.0026537239878171074,26.337348789338417
0.8253161134415369,0.6842859594332433,0.002666989917522411,26.604047781090657
0.8316154510564213,0.6897877265723057,0.0026801422049575804,26.872062001586418
0.8379654363401787,0.6953337287877065,0.0026931786273208616,27.141379864318505
0.8443664765080612,0.7009243217364415,0.002706096975991092,27.411989561917615
0.8508189820493975,0.7065598639350468,0.002718895057161458,27.68387906763376
0.8573233667539149,0.712240716782587,0.0027315706924703562,27.9570361368808
0.8638800477382753,0.7179672445838329,0.0027441217196290954,28.23144830884371
0.870489445472825,0.7237398145726232,0.0027565459930459666,28.50710290814831
0.8771519838085565,0.7295587969354129,0.0027688413844468183,28.78398704659299
0.8838680900042929,0.7354245648350167,0.0027810057834913486,29.062087624942123
0.8906381947540851,0.7413374944345363,0.0027930370983854603,29.34139133478067
0.8974627322148324,0.7472979649214843,0.0028049332564889064,29.621884660429558
0.9042972437081365,0.7533063585321013,0.0028166922049181835,29.90355388092138
0.9111756225267662,0.7593630605758657,0.002828311911144588,30.186385072035836
0.9181093045969573,0.7654684594602069,0.00283979036358688,30.470364108394527
0.9250987345655827,0.7716229467154108,0.002851125572198404,30.755476665614367
0.9321443606545463,0.7778269170197283,0.002862315569048777,31.041708222519244
0.9392466346895281,0.7840807682246868,0.0028733584088990213,31.329044063409146
0.9464060121289551,0.7903849013806005,0.0028842521697712226,31.617469280386267
0.9536229520932147,0.7967397207622935,0.0028949949535110103,31.906968775737372
0.9608979173940935,0.8031456338950228,0.0029055848863438023,32.19752726437175
0.9682313745644582,0.8096030515806126,0.0029160201194239482,32.489129276314145
0.9756237938881741,0.8161123879237995,0.002926298829376838,32.78175915925183
0.9830756494302607,0.8226740603587852,0.0029364192188334045,33.07540108113517
0.9905874190672973,0.8292884896760105,0.0029463795169572767,33.370039032830896
0.9981595845180659,0.8359561000491373,0.0029561779799639424,33.66565683082729
1.005792631374443,0.8426773190622504,0.0029658128916320234,33.96223811999049
1.0134870491325418,0.849452577737279,0.0029752825638061156,34.259766376371104
1.021243331224099,0.8562823105616344,0.0029845853368913704,34.55822491006024
1.0290619750481222,0.8631669555160775,0.002993719580339234,34.85759686809416
1.0369434820027859,0.870106954102803,0.003002683693124516,35.15786523740662
1.0448883575175845,0.8771027513737537,0.003011476104213246,35.45901284782794
1.0528708038710852,0.8841547959591578,0.0030200952730213494,35.761022375130075
1.0608788207672672,0.8912635400963039,0.0030285396898638967,36.063876344116466
1.0689512233834848,0.8984294396585388,0.003036807876394718,36.36755713175594
1.0770885293910917,0.9056529541845032,0.003044898386036228,36.67204697035956
1.0852912606236012,0.9129345469076017,0.0030528098043992456,36.977327950799484
1.0935599431101486,0.9202746847857062,0.0030605407496927294,37.28338202576876
1.1018951071092282,0.927673838531106,0.0030680898731231224,37.59019101308107
1.1102972871426962,0.9351324826406906,0.0030754558592833887,37.897736599009406
1.1187670220300485,0.9426510954263797,0.0030826374265311937,38.20600034166253
1.1273048549229758,0.9502301590457969,0.003089633327356466,38.514963674398174
1.1359113333401918,0.957870159533187,0.0030964423487381374,38.82460790927198
1.144587009202549,0.965571586830589,0.0031030633124895114,39.134914240520935
1.1533324388684303,0.9733349348192525,0.003109495075592639,39.4458637480802
1.162148183169428,0.9811607013513106,0.003115736530521513,39.75743740113235
1.1710348074463095,0.9890493882817066,0.003121786605553519,40.069616061687704
1.1799928815852685,0.9970015015003747,0.0031276442650693993,40.38238048819464
1.1890229800544765,1.005017550964686,0.0031333085098416568,40.69571133917881
1.198125681940919,1.0130980507321488,0.003138778377311119,41.00958917690992
1.207301570987532,1.021243518993375,0.0031440529418514623,41.32399447109506
1.216551235630638,1.0294544781053117,0.003149131315021906,41.63890760259726
1.2258743779142083,1.0377314546247356,0.0031540126458078134,41.95430886717804
1.2351983518975176,1.0460749793420254,0.0031586961208489896,42.270178479262945
1.2445972921035877,1.054485587315198,0.0031631809646558698,42.586496575728525
1.254071801272684,1.0629638179042205,0.0031674664398132785,42.90324321970986
1.2636224869912,1.0715102148056008,0.003171551847171897,43.220398404427044
1.2732499617306168,1.0801253260872494,0.0031754365260271934,43.53794205702977
1.2829548428867854,1.0888097042236322,0.003179119854285728,43.85585404245834
1.2927377528195167,1.0975639061311961,0.0031826012486192512,44.17411416732026
1.3025993188924923,1.1063884932040844,0.0031858801646057087,44.49270218378083
1.3125401735134978,1.1152840313501384,0.0031889560968579836,44.81159779346663
1.322560954174974,1.1242510910271852,0.003191828579139723,45.130780651380604
1.3326623034949054,1.133290247279626,0.0031944971844686033,45.450230369827466
1.3428448692580244,1.142402079775308,0.0031969615252065604,45.76992652234812
1.3531093044573559,1.1515871728427005,0.003199221253137802,46.0898486476619
1.3634562673360924,1.160846115508366,0.003201276059533423,46.40997625361524
1.3738864214298026,1.1701795015347312,0.0032031256752036667,46.73028882113561
1.3844004356089885,1.1795879294581688,0.0032047698705373532,47.05076580818934
1.3949989841219765,1.1890720026273782,0.003206208455528339,47.37138665374218
1.4056827466381554,1.198632329242077,0.0032074412797894994,47.692130781721126
1.4164524082915642,1.208269522392006,0.003208468232553747,48.012977604976506
1.4273086597248241,1.2179842000962404,0.0032092892426625196,48.33390652924275
1.4381990421154254,1.2277769853428304,0.003209904278541376,48.654896957096895
1.4491444249278154,1.2376485061287472,0.003210313348163194,48.97592829191321
1.4601778103459162,1.2475993955001563,0.003210516498998562,49.29697994181307
1.4712999059245722,1.2576302915930158,0.0032105138179537086,49.61803132360844
1.4825114249074753,1.2677418376739942,0.003210305431295876,49.93906186673803
1.4938130862729146,1.2779346821817292,0.0032098915045662827,50.26005101719465
1.5052056147798754,1.2882094787684057,0.003209272242480758,50.58097824144273
1.5166897410145208,1.2985668863416764,0.00320844788881779,50.90182303032451
1.5282662014370427,1.3090075691069158,0.0032074187262947375,51.222564902953984
1.5399357384288854,1.3195321966098112,0.0032061850764315285,51.54318341059714
1.5516991003403608,1.3301414437793067,0.0032047472994023753,51.863658140537375
1.5635570415386348,1.34083599097088,0.003203105793875731,52.18396871992495
1.575510322456104,1.3516165240101747,0.0032012609968419016,52.504094819609136
1.587559709639163,1.3624837342369822,0.0031992133834292716,52.82401615795207
1.5997059757973564,1.3734383185495707,0.0031969634667085435,53.14371250462292
1.6119498998529391,1.3844809794493844,0.003194511797485594,53.46316368437149
1.6242922669908233,1.395612425086089,0.0031918589640828094,53.782349580779766
1.6367338687089314,1.4068333693029853,0.0031890055921090063,54.10125013999066
1.6492755028689559,1.4181445316827879,0.0031859523442180353,54.41984537441247
1.6619179737475178,1.4295466375937662,0.0031826999198566524,54.738115366398134
1.6746394393491841,1.4410404182362693,0.0031792490550009876,55.05604027189823
1.6873897409139447,1.4526266106896106,0.0031756005218824567,55.37360032408648
1.70024255691612,1.4643059579593383,0.0031717551287029125,55.690775836956774
1.7131987115879714,1.4760792090248829,0.0031677137193391533,56.007547208890685
1.7262590357887149,1.4879471188875848,0.0031634771730372647,56.323894926194406
1.7394243670578082,1.4999104486191177,0.0031590464040964256,56.639799566604054
1.752695549668658,1.5119699654102903,0.003154422361542962,56.95524180275835
1.766073434682764,1.5241264426202483,0.0031496060287941473,57.27020240563776
1.7795588800042896,1.5363806598260628,0.003144598423312505,57.58466224796901
1.7931527504350886,1.5487334028727313,0.003139400596250392,57.89860230759405
1.8068559177301555,1.5611854639235683,0.0031340136320851908,58.212003670802574
1.8206692606535337,1.5737376415110063,0.0031284386482453167,58.5248475356271
1.8345936650346693,1.5863907405878057,0.003122676794727083,58.837115215099814
1.848630023825212,1.5991455725786705,0.0031167292537026678,59.148788140470074
1.8627792371562892,1.6120029554322912,0.0031105972391195767,59.459847864382034
1.8770422123962225,1.6249637136737936,0.003104281996291322,59.77027606401116
1.8914198642087179,1.6380286784576155,0.0030977848014801103,60.080054544159175
1.9059131146115245,1.6511986876208096,0.0030911069614709815,60.389165240306276
1.9205228930355533,1.6644745857367655,0.0030842498131385156,60.697590221620125
1.9352501363844932,1.6778572241693817,0.003077214723005453,61.005311693920675
1.9500957890948838,1.6913474611276544,0.0030700030867939028,61.312312002600066
1.9649716482808106,1.704946161720716,0.003062616328969295,61.618573635497
1.979952905755817,1.7186541980133145,0.0030550559022771034,61.924079225724704
1.995054614905946,1.7324724490817316,0.003047323287272801,62.22881155445198
2.010277744181683,1.7464018010701652,0.003039419991844901,62.53275355363647
2.025623269820005,1.7604431472475515,0.00303134755073181,62.83588830870964
2.0410921759069898,1.7745973880648498,0.003023107525032118,63.13819906121285
2.056685454440924,1.7888654312127883,0.0030147015017090543,63.43966921138375
2.072404105395912,1.8032481916800682,0.003006131093088895,63.74028232069264
2.088249136786012,1.8177465918120481,0.0029973979363539824,64.04002211432804
2.1042215647298743,1.8323615613698878,0.002988503693030146,64.33887248363106
2.1203224135159027,1.8470940375901739,0.0029794500484690077,64.63681748847796
2.1365527156679422,1.8619449652450237,0.002970238711325323,64.93384135961048
2.1529135120114886,1.8769152967026677,0.002960871413029624,65.22992850091345
2.1694058517404446,1.8920059919885317,0.002951349907256244,65.52506349163907
2.1860307924843947,1.9072180188467958,0.0029416759693871052,65.81923108857778
2.2027894003764326,1.9225523528024562,0.0029318513959714406,66.11241622817492
2.219682750121532,1.938009977223886,0.0029218780041816595,66.40460402859308
2.236711925065459,1.9535918833858892,0.002911757631265582,66.69577979171964
2.2538780172642565,1.9692990705332822,0.0029014921339952297,66.98592900511917
2.2711821275542676,1.9851325459449651,0.0028910833881125113,67.27503734393042
2.288573757621441,2.0010933249985188,0.0028805332877719337,67.56309067270762
2.3060555193476753,2.0171824312353235,0.00286984374498055,67.85007504720568
2.3236778371979545,2.0334008964261865,0.0028590166890354513,68.13597671610921
2.341441841265708,2.0497497606375217,0.002848054065958994,68.42078212270512
2.359348670730492,2.0662300722980396,0.0028369578379318174,68.7044779064983
2.3773994739310447,2.0828428882659824,0.002825729982724318,68.98705090477073
2.3955954084389335,2.099589273896902,0.002814372493126184,69.26848815408336
2.4139376411327755,2.1164703031119703,0.0028028873763747846,69.54877689172083
2.432427348273084,2.1334870584668617,0.0027912766535822696,69.82790455707905
2.4510657155776894,2.150640631221167,0.0027795423591617193,70.10585879299522
2.469853938297781,2.167932121408376,0.0027676865402526374,70.38262744702048
2.488793221294558,2.1853626379064237,0.0027557112561457965,70.65819857263507
2.507884779116489,2.202933298508793,0.0027436185777079724,70.93256043040587
2.5271298360772088,2.2206452299962085,0.002731410586806388,71.20570148908651
2.546529626334025,2.2384995682088875,0.002719089375733319,71.47761042665984
2.5660853939670654,2.256497458119382,0.002706657046631282,71.74827613132297
2.585798393059062,2.2746400539060074,0.0026941157109183415,72.0176877024148
2.6056698877757594,2.2929285190268467,0.002681467488714524,72.28583445128626
2.6257011524470055,2.3113640262943775,0.002668714508269113,72.55270590211317
2.6458934716484555,2.3299477579506713,0.002655858905388865,72.81829179265206
2.666233269455042,2.3486809057432145,0.0026429028228679634,73.08258207493886
2.686675545379001,2.367564671001331,0.002629848409919267,73.34556691593079
2.707282180428519,2.386600264713218,0.0026166978216073653,73.60723669809151
2.7280544960769144,2.4057889076036143,0.0026034532182837087,73.86758201991988
2.7489938244223566,2.425131830212076,0.002590116765023714,74.12659369642226
2.770101508273299,2.444630272971894,0.0025766906310663307,74.3842627595289
2.7913789012345775,2.464285486289633,0.00256317698925607,74.64058045845451
2.8128273677942337,2.484098730625328,0.00254957801548778,74.89553826000329
2.834448283411004,2.504071276573312,0.0025358958881542583,75.14912784881872
2.8562430346025325,2.524204404943696,0.002522132787596997,75.40134112757842
2.878213019034285,2.544499406844509,0.002508290895560177,75.65217021713443
2.900359645609171,2.5649575837644845,0.002494372394647949,75.90160745659922
2.92268433455791,2.5855802476565395,0.0024803794677855906,76.14964540337779
2.945188517530098,2.606368721021896,0.0024663142976840756,76.39627683314619
2.967873637686018,2.627324336994895,0.0024521790663088357,76.64149473977707
2.990741149789195,2.64844843942849,0.002437975954352515,76.88529233521231
3.0137925202996723,2.6697423829804183,0.0024237071407119206,77.12766304928351
3.0370292274680732,2.6912075332000858,0.002409374801969564,77.36860052948047
3.0604527614303842,2.712845266616128,0.0023949811118794432,77.60809864066842
3.084064624303523,2.734656970824689,0.00238052824085787,77.8461514647542
3.107866330281665,2.7566440445784073,0.002366018355478945,78.08275330030209
3.131863055310478,2.778807897876106,0.0023514536179750503,78.3178986620996
3.1560528927204934,2.8011499520532284,0.002336836185742553,78.55158228067384
3.1804372202420286,2.8236716398729764,0.0023221682108527097,78.78379910175912
3.2050176016062832,2.8463744056181954,0.002307451839568008,79.01454428571593
3.229795613117107,2.8692597051839948,0.0022926892118640377,79.24381320690233
3.25477284375207,2.892329006171102,0.0022778824609569637,79.47160145299802
3.279950895264384,2.9155837879799944,0.002263033712836917,79.69790482428171
3.3053313822856056,2.939025541905761,0.002248145085807178,79.92271933286243
3.3309159324291837,2.9626557712337376,0.002233218690029299,80.14604120186536
3.35670618639484,2.9864759913359142,0.00221825662707459,80.36786686457282
3.382703798073771,3.010487729768103,0.0022032609894816276,80.58819296352098
3.4089104346547296,3.0346925263679148,0.0021882338603201844,80.80701634955301
3.435327776730926,3.0590919333534936,0.0021731773127616157,81.02433408082916
3.4619575184078037,3.0836875154230636,0.002158093409655703,81.24014342179473
3.488801367411688,3.1084808498552725,0.0021429842031142248,81.45444184210615
3.5158610451992804,3.133473526610328,0.002127851734101243,81.66722701551627
3.5431382870680777,3.1586671484319786,0.0021126980320300354,81.87849681871928
3.570634842267639,3.184063330950282,0.0020975251143672035,82.088249330156
3.5983524741117643,3.2096637027852157,0.0020823349862434835,82.29648282878034
3.6262929600915808,3.2354699056511236,0.0020671296400716723,82.50319579278752
3.654631962677028,3.2614835944619824,0.0020519110551718194,82.7083868983047
3.6832307495967207,3.2877064374375475,0.0020366811974033457,82.91205501804502
3.7120594752780125,3.3141401162103215,0.00202144201880468,83.1141992199255
3.7411199884648454,3.3407863259333967,0.0020061954572399674,83.3148187656495
3.77041415276536,3.367646775389169,0.0019909434360532567,83.51391310925482
3.799943846771388,3.3947231870989034,0.001975687863730158,83.71148189562784
3.829710964178948,3.422017297433219,0.0019604306335668275,83.90752495898452
3.8597174139096686,3.449530856723423,0.001945173623346612,84.10204232131917
3.889965120233211,3.4772656293737656,0.0019299186950240974,84.2950341908216
3.9204560228906704,3.5052233939745867,0.0019146676944169119,84.48650096026329
3.9511920772189573,3.5334059434163647,0.0018994224509050752,84.6764432053538
3.982175254276209,3.5618150850047097,0.0018841847771379466,84.86486168306759
4.0134075409681795,3.5904526405762516,0.0018689564687491109,85.0517573299425
4.044890940175658,3.619320446615474,0.0018537393040786016,85.23713126035037
4.076627470882913,3.6484203543724885,0.0018385350439032542,85.4209847647407
4.1086191683071585,3.677754229981741,0.0018233454311745168,85.60331930785814
4.1408680840290835,3.707323954581702,0.0018081721907642415,85.78413652693456
4.173376286124407,3.7371314244354887,0.0017930170292181481,85.96343822985638
4.206145859296504,3.7671785510524747,0.0017778816345170522,86.14122639330809
4.239178905010098,3.7974672613108726,0.0017627676758460598,86.3175031608927
4.273139926739077,3.82799949758129,0.0017476768033713715,86.49227084122984
4.307387716335658,3.858777217851312,0.0017326106480249543,86.66553190603233
4.341910863567143,3.889802395851048,0.0017175708212970793,86.83728898816204
4.376711582352387,3.921077021179711,0.0017025589150365405,87.0075448796657
4.411792104410505,3.9526030994332073,0.0016875765012587397,87.17630252979157
4.447154679403975,3.9843826523327417,0.0016726251319614154,87.34356504298772
4.482801575082926,4.016417717854487,0.001657706338948283,87.50933567688254
4.518735077430556,4.048710350360262,0.0016428216336602354,87.67361784024857
4.554957490809724,4.08126262072928,0.001627972507014357,87.83641509095
4.591471138110738,4.114076616490952,0.0016131604292506136,87.99773113387506
4.628278360900297,4.147154441958746,0.0015983868497860686,88.15756981885367
4.66538151957168,4.180498218365152,0.0015836531970769383,88.31593513856137
4.702782993496092,4.2141100839977,0.0015689608784879856,88.47283122641018
4.740485181175267,4.2479921943360965,0.0015543112801696627,88.62826235442715
4.778490500395258,4.282146722190429,0.0015397057669426627,88.78223293112141
4.816801388381511,4.316575857840537,0.0015251456821899678,88.9347474993404
4.855420301955144,4.351281809176447,0.0015106323477562871,89.08581073411604
4.894349717690507,4.386266801839974,0.0014961670638549366,89.23542744050152
4.933592132074004,4.421533079367447,0.001481751108982011,89.38360255139972
4.974099586096165,4.457082903333569,0.0014673857398378484,89.5303411253835
5.015707640370204,4.492918553496473,0.00145307219125568,89.67564834450907
5.057650229969087,4.5290423279439045,0.00143881167613748,89.81952951212281
5.099930044609636,4.565456543240594,0.0014246053853969281,89.96199005066251
5.142549795634429,4.6021635345768255,0.0014104544879094386,90.10303549945345
5.18551221618565,4.639165655918168,0.0013963601304691521,90.24267151250037
5.22882006138039,4.676465280156457,0.0013823234377527936,90.38090385627565
5.272476108487317,4.7140647992619495,0.0013683455122905346,90.5177384075047
5.316483157104771,4.751966624436721,0.0013544274344434767,90.65318115094905
5.3608440293403135,4.790173186269297,0.0013405702623880027,90.78723817718785
5.405561569991682,4.828686934890505,0.0013267750321066727,90.91991568039852
5.4506386467292485,4.8675103401306234,0.001313042757385709,91.05121995613709
5.496078150279906,4.906645891677753,0.0012993744298189698,91.18115739911899
5.541882994612444,4.946096099237479,0.0012857710188184954,91.30973450100083
5.588056117124431,4.985863492693821,0.0012722334716310704,91.43695784816394
5.634600478830558,5.025950622271451,0.0012587627133614167,91.5628341195001
5.681519064552556,5.0663600586992645,0.001245359647001293,91.68737008420023
5.72881488311059,5.107094393375218,0.0012320251534647972,91.8105725995467
5.776490967516214,5.148156238532517,0.0012187600916297048,91.93244860870968
5.828077756228228,5.189548227407137,0.0012055652983846434,92.05300513854814
5.880550051325039,5.231273014406677,0.001192441588682203,92.17224929741636
5.933444231958,5.273333275280602,0.0011793897555977383,92.29018827297614
5.9867636901534205,5.315731707291821,0.0011664105703938072,92.40682933001551
6.040511845210041,5.358471029389666,0.0011535047825902793,92.52217980827454
6.094692143918309,5.40155398238425,0.0011406731200397828,92.63624712027851
6.14930806078139,5.444983329122223,0.0011279162890086433,92.74903874917938
6.2043630982380265,5.48876185466397,0.001115234974263097,92.8605622466057
6.259860786887111,5.532892366462196,0.0011026298391606324,92.97082523052175
6.31580468571411,5.57737769454197,0.0010901015257465008,93.07983538309641
6.3721983823193025,5.622220691682213,0.001077650654855235,93.18760044858193
6.429045493147819,5.667424233598626,0.0010652778262169992,93.29412823120363
6.4863496637216,5.712991219128131,0.0010529836185688658,93.39942659306053
6.5441145688731535,5.758924570414754,0.001040768589770683,93.50350345203758
6.602343912981216,5.805227233097018,0.0010286332769256113,93.60636677973014
6.661041430208326,5.85190217649685,0.001016578196505233,93.70802459938066
6.720210884740253,5.89895239380998,0.0010046038444789407,93.80848498382856
6.783915845504262,5.946380902297918,0.0009927106964477807,93.90775605347335
6.8529114086098035,5.99419074348143,0.0009808992077823982,94.00584597425159
6.92246170693474,6.0423849833355865,0.0009691698137651534,94.10276295562811
6.992571200637818,6.09096671248639,0.000957522929736238,94.19851524860174
7.063244385738138,6.139939046408943,0.0009459589512437217,94.29311114372611
7.134485794403531,6.189305125627283,0.0009344782541973457,94.38655896914584
7.206299995241161,6.239068115915742,0.0009230811950260854,94.47886708864844
7.278691593590519,6.289231208501987,0.0009117681108393056,94.57004389973237
7.351665231818757,6.339797620271657,0.00090053931959138,94.6600978316915
7.4252255896183685,6.390770593974647,0.00088939512024978,94.74903734371648
7.499377384307342,6.442153398433089,0.0008783357929663881,94.83687092301312
7.574125371131631,6.493949328750954,0.0008673615992520629,94.92360708293832
7.649474343570125,6.546161706525371,0.0008564727821543038,95.00925436115375
7.725429133642043,6.598793880059639,0.0008456695664378622,95.09382131779753
7.80199461221678,6.651849224577926,0.000834952158768284,95.17731653367436
7.879175689326315,6.705331142441755,0.0008243207478982694,95.2597486084642
7.974469940622828,6.759243063368165,0.0008137755048566493,95.34112615894985
8.072056519804407,6.813588444649667,0.0008033165831400494,95.42145781726386
8.17042771048816,6.8683707713759325,0.0007929441189069588,95.50075222915456
8.269589821074439,6.923593556657323,0.0007826582311742751,95.57901805227198
8.369549210684118,6.979260341850154,0.0007724590220160709,95.65626395447359
8.47031228956641,7.035374696783808,0.000762346576764606,95.73249861215005
8.571885519509948,7.0919402199896595,0.0007523209642134163,95.8077307085714
8.674275414257144,7.148960538931831,0.0007423822368224364,95.88196893225364
8.777488539921949,7.206439310239846,0.0007325304309249657,95.95522197534613
8.881531515410902,7.264380219943098,0.0007227655669364938,96.02749853203977
8.986411012847594,7.32278698370724,0.0007130876495652446,96.0988072969963
9.092133758000553,7.381663347072473,0.0007034966680242801,96.16915696379873
9.198706530714517,7.441013085693708,0.000693992596245216,96.23855622342326
9.342689375298367,7.50084000558274,0.0006845753930932763,96.30701376273258
9.491537358772103,7.561147943352293,0.0006752450025837708,96.37453826299097
9.641582103530945,7.621940766462063,0.0006660013540997515,96.44113839840094
9.79283323172457,7.683222373466738,0.000656844362610864,96.50682283466202
9.945300442866207,7.744996694265983,0.0006477739288932721,96.57160022755134
10.098993514454751,7.807267690356493,0.0006387899397505231,96.6354792215264
10.253922302601715,7.87003935508602,0.0006298922682353179,96.69846844834993
10.410096742663312,7.93331571390946,0.0006210807738721188,96.76057652573714
10.567526849877591,7.997100824647008,0.0006123553028804055,96.82181205602518
10.726222720006659,8.061398777744355,0.0006037156883986289,96.88218362486505
10.955765140497075,8.126213696535038,0.0005951617507086556,96.9416997999359
11.20170080995008,8.191549737504847,0.000586693297460707,97.00036912968199
11.449613841010265,8.257411090558366,0.000578310123898686,97.05820014207185
11.699520131977138,8.323801979287683,0.0005700120130857534,97.11520134338042
11.951435708974973,8.390726661243217,0.0005617987361301888,97.17138121699344
12.205376726980674,8.45818942820678,0.0005536700524113535,97.22674822223458
12.461359470859698,8.52619460646678,0.0005456257098057054,97.28131079321514
12.82714069042212,8.594746557095666,0.0005376654449128426,97.33507733770642
13.261068047438547,8.663849676229615,0.0005297889832814071,97.38805623603456
13.698484248907535,8.733508395350398,0.0005219960396348601,97.44025583999804
14.139417345689303,8.803727181569627,0.0005142863180970102,97.49168447180774
14.58389561417738,8.874510537915192,0.0005066595124172049,97.54235042304947
15.31617568792143,8.945863003620032,0.0004991153061952017,97.592261953669
16.118056949172736,9.017789154413247,0.0004916533731055141,97.64142729097955
16.926385462353885,9.090293602813498,0.00048427337712130474,97.68985462869168
18.254945765608745,9.163380998424845,0.00047697497273765054,97.73755212596544
19.762484057799675,9.237056028234894,0.0004697578051941621,97.78452790648487
20.000000000000004,9.31132341691537,0.00046262151069690466,97.83079005755455
20.000000000000004,9.386187927125109,0.0004555657166395334,97.8763466292185
20.000000000000004,9.461654359815459,0.00044859004182355977,97.92120563340086
20.000000000000004,9.537727554538193,0.0004416940966777528,97.96537504306862
20.000000000000004,9.61441238975584,0.00043487748347654495,98.00886279141629
20.000000000000004,9.691713783154535,0.00042813979655744946,98.05167677107202
20.000000000000004,9.769636691959395,0.00042148062253736027,98.09382483332575
20.000000000000004,9.848186113252385,0.00041489954052775736,98.13531478737853
20.000000000000004,9.927367084292824,0.00040839612234869183,98.17615439961341
20.000000000000004,10.007184682840379,0.00040196993274154894,98.21635139288756
20.000000000000004,10.08764402748071,0.0003956205295805032,98.25591344584561
20.000000000000004,10.168750277953722,0.0003893474640826511,98.29484819225388
20.000000000000004,10.250508635484415,0.00038315028101671913,98.33316322035556
20.000000000000004,10.332924343116488,0.00037702851891036217,98.3708660722466
20.000000000000004,10.416002686048529,0.00037098171025595425,98.40796424327219
20.000000000000004,10.499748991972956,0.000365009381714832,98.44446518144368
20.000000000000004,10.584168631417686,0.0003591110543200227,98.48037628687568
20.000000000000004,10.669267018090501,0.0003532862436772609,98.5157049112434
20.000000000000004,10.755049609226274,0.0003475344601644258,98.55045835725986
20.000000000000004,10.841521905936899,0.00034185520912922854,98.58464387817277
20.000000000000004,10.928689453564079,0.0003362479910851718,98.61826867728129
20.000000000000004,11.016557842034949,0.0003307123019057356,98.65133990747186
20.000000000000004,11.105132706220513,0.0003252476330167477,98.68386467077354
20.000000000000004,11.194419726297053,0.0003198534715868927,98.71585001793224
20.000000000000004,11.284424628110356,0.0003145293007163539,98.74730294800388
20.000000000000004,11.375153183542919,0.0003092745996235352,98.77823040796623
20.000000000000004,11.466611210884087,0.0003040888438298252,98.80863929234921
20.000000000000004,11.558804575203148,0.0002989715053424005,98.83853644288345
20.000000000000004,11.651739188725493,0.00029392205283499767,98.86792864816695
20.000000000000004,11.745421011211738,0.00028893995182668864,98.89682264334961
20.000000000000004,11.83985605033992,0.00028402466485857007,98.92522510983547
20.000000000000004,11.935050362090726,0.00027917565166836613,98.9531426750023
20.000000000000004,12.031010051135919,0.00027439236936293833,98.98058191193859
20.000000000000004,12.127741271229768,0.0002696742725886525,99.00754933919745
20.000000000000004,12.225250225603705,0.00026502081369959987,99.03405142056741
20.000000000000004,12.323543167364129,0.0002604314429236368,99.06009456485978
20.000000000000004,12.422626399893373,0.00025590560852624704,99.0856851257124
20.000000000000004,12.522506277253985,0.00025144275697216165,99.11082940140963
20.000000000000004,12.623189204596175,0.0002470423330848011,99.13553363471812
20.000000000000004,12.724681638568565,0.00024270378020342358,99.15980401273845
20.000000000000004,12.826990087732273,0.00023842654033804796,99.18364666677225
20.000000000000004,12.93012111297823,0.00023421005432209372,99.20706767220446
20.000000000000004,13.034081327948005,0.00023005376196274559,99.23007304840074
20.000000000000004,13.138877399457881,0.00022595710218900345,99.25266875861963
20.000000000000004,13.244516047926393,0.00022191951319745074,99.27486070993939
20.000000000000004,13.351004047805311,0.00021794043259569867,99.29665475319895
20.000000000000004,13.458348228014037,0.00021401929754349527,99.3180566829533
20.000000000000004,13.566555472377596,0.0002101555448915274,99.33907223744247
20.000000000000004,13.675632720068041,0.00020634861131787246,99.35970709857425
20.000000000000004,13.785586966049463,0.00020259793346210443,99.37996689192046
20.000000000000004,13.89642526152658,0.00019890294805707007,99.39985718672617
20.000000000000004,14.008154714396877,0.00019526309205830216,99.419383495932
20.000000000000004,14.120782489706489,0.0001916778027710882,99.4385512762091
20.000000000000004,14.234315810109644,0.00018814651797518408,99.45736592800661
20.000000000000004,14.348761956331845,0.00018466867604718202,99.47583279561132
20.000000000000004,14.464128267636797,0.00018124371608051253,99.49395716721938
20.000000000000004,14.580422142297,0.00017787107800310681,99.5117442750197
20.000000000000004,14.697651038068274,0.00017455020269270907,99.52919929528898
20.000000000000004,14.81582247266796,0.00017128053208983557,99.54632734849795
20.000000000000004,14.934944024257033,0.000168061509308402,99.56313349942879
20.000000000000004,15.055023331926092,0.0001648925787440046,99.57962275730318
20.000000000000004,15.17606809618519,0.00016177318617988158,99.59580007592118
20.000000000000004,15.298086079457738,0.00015870277889052896,99.61167035381024
20.000000000000004,15.421085106578238,0.00015568080574302962,99.62723843438454
20.000000000000004,15.545073065294103,0.00015270671729603394,99.64250910611415
20.000000000000004,15.670057906771493,0.00014977996589648007,99.65748710270378
20.000000000000004,15.796047646105155,0.00014690000577398206,99.67217710328119
20.000000000000004,15.923050362832507,0.00014406629313296873,99.68658373259449
20.000000000000004,16.05107420145171,0.00014127828624252832,99.70071156121875
20.000000000000004,16.180127371943968,0.00013853544552401282,99.71456510577114
20.000000000000004,16.310218150300056,0.00013583723363637113,99.7281488291348
20.000000000000004,16.441354879050973,0.0001331831155592726,99.74146714069072
20.000000000000004,16.573545967803028,0.00013057255867398774,99.75452439655812
20.000000000000004,16.706799893777077,0.00012800503284207313,99.76732489984232
20.000000000000004,16.841125202352167,0.000125480010481858,99.77987290089051
20.000000000000004,16.976530507613564,0.00012299696664275843,99.79217259755478
20.000000000000004,17.113024492905087,0.00012055537907741882,99.80422813546252
20.000000000000004,17.25061591138606,0.00011815472831171897,99.8160436082937
20.000000000000004,17.389313586592575,0.00011579449771263869,99.82762305806496
20.000000000000004,17.52912641300334,0.0001134741735540263,99.83897047542035
20.000000000000004,17.670063356610104,0.00011119324508025607,99.85008979992838
20.000000000000004,17.812133455492543,0.00010895120456781746,99.86098492038515
20.000000000000004,17.95534582039798,0.00010674754738485206,99.87165967512364
20.000000000000004,18.099709635325567,0.00010458177204863602,99.8821178523285
20.000000000000004,18.245234158115252,0.00010245338028106132,99.8923631903566
20.000000000000004,18.3919287210415,0.00010036187706210347,99.90239937806281
20.000000000000004,18.539802731411683,9.830677068132162e-05,99.91223005513095
20.000000000000004,18.688865672169463,9.628757278739202e-05,99.92185881240968
20.000000000000004,18.839127102502847,9.43037984357076e-05,99.93128919225325
20.000000000000004,18.990596658457243,9.235496613406505e-05,99.94052468886665
20.000000000000004,19.143284053553327,9.044059788645152e-05,99.9495687486553
20.000000000000004,19.29719907941007,8.85602192349655e-05,99.95842477057879
20.000000000000004,19.452351606372595,8.671335929988338e-05,99.96709610650878
20.000000000000004,19.608751584145143,8.489955081790407e-05,99.97558606159058
20.000000000000004,19.766409042429178,8.311833017858404e-05,99.98389789460843
20.000000000000004,19.92533409156649,8.136923745899578e-05,99.99203481835434
20.000000000000004,20.085536923187668,7.965181645662955e-05,100.0
