,,2019,2019,2019,2015,2015,2015,2010,2010,2010,2005,2005,2005,2000,2000,2000
Indicator,Age Group,Both sexes,Male,Female,Both sexes,Male,Female,Both sexes,Male,Female,Both sexes,Male,Female,Both sexes,Male,Female
nMx - age-specific death rate between ages x and x+n,<1 year,0.037193335,0.040503985,0.033807028,0.043243974,0.04680084,0.039602638,0.049718445,0.053434341,0.045903389,0.061097111,0.06524026,0.056851791,0.088004576,0.093127492,0.082778251
nMx - age-specific death rate between ages x and x+n,1-4 years,0.003773424,0.003941366,0.003601567,0.004516002,0.004698902,0.004328544,0.006657878,0.006844388,0.006466886,0.00965343,0.009886409,0.009415627,0.014259884,0.01463445,0.013877355
nMx - age-specific death rate between ages x and x+n,5-9 years,0.001598162,0.001669279,0.001525365,0.001767583,0.001839233,0.001694268,0.001890393,0.001943489,0.001836296,0.002222852,0.00227662,0.00216821,0.002806944,0.002880782,0.002731748
nMx - age-specific death rate between ages x and x+n,10-14 years,0.000692278,0.000767431,0.000615512,0.000728532,0.000802759,0.000653024,0.000773581,0.000854505,0.000691589,0.000901701,0.001013511,0.000788334,0.001123869,0.001293052,0.000952741
nMx - age-specific death rate between ages x and x+n,15-19  years,0.001111889,0.001286965,0.00093432,0.001317234,0.001501468,0.001130953,0.001624881,0.001780887,0.001467161,0.001699223,0.001853313,0.001543966,0.001667201,0.001820333,0.001512625
nMx - age-specific death rate between ages x and x+n,20-24 years,0.001539361,0.001774908,0.001302249,0.001797671,0.001970106,0.001624068,0.002263771,0.002258083,0.002269479,0.002805171,0.002612553,0.002998706,0.003573484,0.003131557,0.004018834
nMx - age-specific death rate between ages x and x+n,25-29 years,0.002007927,0.002270123,0.001745199,0.002515751,0.002651482,0.002380207,0.003786415,0.003333199,0.004241063,0.005714659,0.004435253,0.007001893,0.007548319,0.005637327,0.009469139
nMx - age-specific death rate between ages x and x+n,30-34 years,0.002697959,0.003025173,0.002372415,0.003526532,0.003750798,0.003302721,0.005874677,0.005201228,0.006553719,0.009426164,0.007518038,0.011348755,0.011221315,0.009285206,0.013160462
nMx - age-specific death rate between ages x and x+n,35-39 years,0.003663336,0.004163447,0.00316575,0.004857043,0.005409549,0.004304338,0.008330052,0.007942523,0.008721406,0.012779948,0.011791989,0.013770576,0.014302065,0.014192418,0.014410456
nMx - age-specific death rate between ages x and x+n,40-44 years,0.00508133,0.005930524,0.00423522,0.006470131,0.007516222,0.005425724,0.010291281,0.010741513,0.009840516,0.015139247,0.015844149,0.014446775,0.016031891,0.017935077,0.014183631
nMx - age-specific death rate between ages x and x+n,45-49 years,0.006819967,0.007990888,0.005660122,0.008309815,0.009772353,0.006869145,0.012318835,0.013467358,0.011200565,0.016941193,0.0188098,0.015157291,0.017897775,0.020148656,0.015764575
nMx - age-specific death rate between ages x and x+n,50-54 years,0.009602178,0.011290682,0.007965544,0.010848434,0.012887256,0.008909514,0.014104302,0.016092976,0.012239533,0.018243834,0.02059842,0.016072431,0.020091911,0.022547407,0.017896825
nMx - age-specific death rate between ages x and x+n,55-59 years,0.013176971,0.015553624,0.010972384,0.014266078,0.016953608,0.011824979,0.016831392,0.019692628,0.014265667,0.020466376,0.023899434,0.017513213,0.022802679,0.026799465,0.019365541
nMx - age-specific death rate between ages x and x+n,60-64 years,0.019914807,0.023469732,0.016791978,0.021036019,0.024876825,0.017736758,0.023295677,0.027699187,0.0196619,0.026696694,0.032217986,0.022194112,0.029578059,0.036155244,0.024145984
nMx - age-specific death rate between ages x and x+n,65-69 years,0.029141387,0.034060729,0.025121661,0.030478465,0.035760908,0.026366871,0.032918039,0.039228487,0.028073393,0.036379281,0.044580751,0.030084372,0.039814868,0.049536451,0.032186665
nMx - age-specific death rate between ages x and x+n,70-74 years,0.045783852,0.052196096,0.041097509,0.047877198,0.054585079,0.043108457,0.050898669,0.059172265,0.045063685,0.054876118,0.065949359,0.047020126,0.059659761,0.072791844,0.049990581
nMx - age-specific death rate between ages x and x+n,75-79 years,0.069598779,0.077792902,0.064215484,0.072079271,0.080816838,0.066525009,0.075795786,0.086967962,0.068774109,0.080118409,0.095137303,0.070519456,0.08609524,0.103409149,0.074366042
nMx - age-specific death rate between ages x and x+n,80-84 years,0.10791388,0.118187153,0.10198462,0.110599723,0.122304081,0.104180118,0.113824463,0.129226289,0.105488663,0.117381537,0.137603046,0.106091156,0.124090176,0.146561788,0.110346702
nMx - age-specific death rate between ages x and x+n,85+ years,0.18112335,0.19947764,0.172248782,0.182966095,0.203460427,0.17374414,0.185338171,0.210120559,0.174379556,0.187776851,0.216514867,0.174384229,0.194931468,0.22406072,0.179302712
nqx - probability of dying between ages x and x+n,<1 year,0.036249566,0.039387247,0.033025483,0.041973406,0.045316253,0.038534393,0.048046294,0.051507743,0.044474323,0.058591281,0.062390978,0.054675895,0.082897806,0.087428119,0.078244397
nqx - probability of dying between ages x and x+n,1-4 years,0.014958231,0.015617732,0.014282813,0.017870321,0.018586007,0.017136156,0.026212664,0.026935103,0.025472204,0.037739366,0.038629069,0.036830238,0.055152027,0.056551558,0.053720234
nqx - probability of dying between ages x and x+n,5-9 years,0.007959012,0.00831171,0.007597852,0.008799034,0.009154073,0.00843561,0.009407503,0.009670461,0.009139525,0.011052836,0.011318682,0.010782602,0.013936919,0.014300914,0.013566093
nqx - probability of dying between ages x and x+n,10-14 years,0.00345541,0.003829807,0.003072833,0.003636037,0.004005754,0.003259796,0.003860438,0.00426342,0.003451979,0.004498364,0.005054745,0.003933917,0.005603602,0.006444428,0.004752386
nqx - probability of dying between ages x and x+n,15-19  years,0.005544036,0.006414187,0.004660711,0.00656455,0.007479267,0.005638821,0.008091535,0.008864964,0.007308996,0.008460177,0.009223828,0.007690147,0.008301402,0.009060432,0.007534634
nqx - probability of dying between ages x and x+n,20-24 years,0.007667301,0.008835335,0.006490117,0.008948139,0.009802252,0.008087504,0.011255159,0.011227038,0.011283376,0.013928178,0.012978001,0.014881963,0.017709209,0.015536156,0.01989429
nqx - probability of dying between ages x and x+n,25-29 years,0.00998949,0.01128656,0.008688087,0.012500139,0.013170109,0.011830639,0.018754546,0.016528265,0.020982842,0.028170826,0.021933066,0.034407178,0.037042572,0.027794914,0.046250808
nqx - probability of dying between ages x and x+n,30-34 years,0.013399417,0.015012329,0.011792134,0.017478564,0.01857977,0.016378374,0.028948229,0.025672323,0.032240359,0.046045734,0.036896711,0.055178262,0.054575551,0.045372792,0.063706297
nqx - probability of dying between ages x and x+n,35-39 years,0.018150451,0.020602791,0.015704458,0.023993865,0.026686834,0.021292562,0.040800581,0.038939424,0.04267653,0.061921361,0.057271582,0.066561407,0.069041726,0.068530556,0.069546779
nqx - probability of dying between ages x and x+n,40-44 years,0.025087952,0.029219404,0.020954235,0.031835703,0.036887966,0.026765564,0.05016573,0.052303032,0.048021197,0.072935753,0.076202342,0.06971595,0.077070489,0.085827095,0.068489578
nqx - probability of dying between ages x and x+n,45-49 years,0.033528182,0.039171897,0.027905737,0.040703479,0.0476965,0.033765868,0.059753929,0.065143512,0.05447738,0.081264186,0.089825025,0.073019511,0.085656237,0.095912033,0.075834143
nqx - probability of dying between ages x and x+n,50-54 years,0.046885384,0.054903661,0.03905008,0.052809908,0.06242506,0.043576945,0.068119563,0.077352788,0.059380687,0.087240182,0.097948155,0.07725785,0.095654832,0.106721315,0.085651883
nqx - probability of dying between ages x and x+n,55-59 years,0.063783667,0.074857362,0.053397182,0.068873986,0.081321316,0.057427206,0.080758756,0.093843098,0.068872071,0.097350834,0.112759923,0.083892975,0.1078644,0.125583406,0.092356378
nqx - probability of dying between ages x and x+n,60-64 years,0.094851653,0.110844909,0.08057726,0.099925031,0.11710135,0.084918348,0.110068106,0.129526488,0.093703526,0.125131948,0.149082115,0.105137002,0.137707496,0.165790713,0.113856949
nqx - probability of dying between ages x and x+n,65-69 years,0.13581252,0.156939923,0.11818575,0.141602739,0.164130867,0.123681614,0.152075157,0.17862451,0.131161586,0.166732393,0.200551871,0.13989986,0.181052852,0.220389031,0.148947979
nqx - probability of dying between ages x and x+n,70-74 years,0.205408303,0.230856023,0.186342061,0.213796093,0.240153412,0.194572937,0.225765445,0.25773449,0.202504435,0.241279398,0.28307522,0.210371406,0.259582266,0.307923433,0.22218501
nqx - probability of dying between ages x and x+n,75-79 years,0.296418058,0.3256344,0.276662397,0.305369352,0.336164757,0.285193753,0.318606378,0.357181453,0.293421107,0.333744373,0.384286551,0.2997515,0.354231982,0.410835396,0.31353864
nqx - probability of dying between ages x and x+n,80-84 years,0.424929834,0.456156245,0.406325675,0.433214973,0.468325198,0.413265474,0.44304805,0.488359297,0.417373013,0.453752321,0.511913194,0.419257105,0.473545133,0.536304553,0.43243819
nqx - probability of dying between ages x and x+n,85+ years,1,1,1,1,1,1,1,1,1,1,1,1,1,1,1
lx - number of people left alive at age x,<1 year,100000,100000,100000,100000,100000,100000,100000,100000,100000,100000,100000,100000,100000,100000,100000
lx - number of people left alive at age x,1-4 years,96375.04344,96061.27532,96697.45173,95802.65941,95468.37473,96146.56067,95195.37058,94849.22566,95552.56765,94140.87195,93760.90222,94532.4105,91710.21943,91257.18812,92175.56028
lx - number of people left alive at age x,5-9 years,94933.44327,94561.0161,95316.34013,94090.63517,93693.99889,94498.97823,92700.04633,92294.45198,93118.63318,90588.05515,90139.00584,91050.7593,86652.21489,86096.45197,87223.86766
lx - number of people left alive at age x,10-14 years,94177.86685,93775.05233,94592.14071,93262.72844,92836.31718,93701.82169,91827.97034,91401.92205,92267.57311,89586.80021,89118.75113,90068.99516,85444.54997,84865.19397,86040.58055
lx - number of people left alive at age x,15-19  years,93852.44367,93415.91201,94301.47486,92923.62172,92464.4377,93396.37288,91473.47415,91012.2373,91949.06742,89183.80614,88668.27858,89714.67119,84965.75272,84318.28634,85631.68248
lx - number of people left alive at age x,20-24 years,93332.12234,92816.72484,93861.96294,92313.61992,91772.87145,92869.72749,90733.31336,90205.41711,91277.01204,88429.29539,87850.41765,89024.75218,84260.41781,83554.32626,84986.4791
lx - number of people left alive at age x,25-29 years,92616.5169,91996.658,93252.78781,91487.58485,90873.29062,92118.64318,89712.09549,89192.67747,90247.09918,87197.63646,86710.29486,87699.88909,82768.23246,82256.21321,83295.73342
lx - number of people left alive at age x,30-34 years,91691.3251,90958.33223,92442.59945,90343.97732,89676.47943,91028.82078,88029.58589,87718.47722,88353.45856,84741.20698,84808.4722,84682.38338,79702.28428,79969.90887,79443.23847
lx - number of people left alive at age x,35-39 years,90462.71484,89592.83581,91352.50391,88764.89436,88010.31109,89537.91667,85481.28524,85466.54017,85504.91133,80839.23589,81679.31853,80009.75662,75352.48817,76341.45082,74382.20393
lx - number of people left alive at age x,40-44 years,88820.77575,87746.97337,89917.86236,86635.08146,85661.5945,87631.42506,81993.59911,82138.52233,81855.8584,75833.56037,77001.41476,74684.19464,70150.0223,71109.72875,69209.16124
lx - number of people left alive at age x,45-49 years,86592.44443,85183.05909,88033.70231,83876.99275,82501.71255,85285.92052,77880.33037,77842.42853,77925.04211,70302.58253,71133.72664,69477.51505,64743.52575,65006.58731,64469.05497
lx - number of people left alive at age x,50-54 years,83689.1572,81846.27712,85577.05701,80462.90734,78566.66965,82406.1674,73226.67461,72771.49933,73679.89002,64589.50039,64744.13784,64404.30089,59197.83897,58771.67338,59580.09943
lx - number of people left alive at age x,55-59 years,79765.35892,77352.61686,82235.2661,76213.66863,73662.14059,78815.1584,68238.50552,67142.42094,69304.72754,58954.7006,58402.569,59428.56307,53535.27962,52499.48312,54476.95171
lx - number of people left alive at age x,60-64 years,74677.63183,71562.20402,77844.13462,70964.52948,67671.83837,74289.02406,62727.64869,60841.56813,64531.56743,53215.41133,51817.09983,54442.92412,47760.7288,45906.41921,49445.65774
lx - number of people left alive at age x,65-69 years,67594.33499,63629.89806,71571.66755,63873.39667,59747.37477,67980.52285,55823.33521,52960.97348,58484.73203,46556.46324,44092.09697,48718.95829,41183.71842,38295.56125,43815.92601
lx - number of people left alive at age x,70-74 years,58414.17799,53643.82677,63112.91635,54828.74876,49940.98635,59572.58208,47333.99273,43500.84554,50813.7818,38793.99271,35249.34442,41903.18286,33727.28876,29855.63963,37289.63239
lx - number of people left alive at age x,75-79 years,46415.42084,41259.82625,51352.32545,43106.57648,37947.48808,47981.36981,36647.61278,32289.1773,40523.76561,29433.80151,25271.1285,33087.95138,24972.28272,20662.38857,29004.43503
lx - number of people left alive at age x,80-84 years,32657.05192,27824.2075,37145.068,29943.14913,25190.87996,34297.38288,24971.44962,20756.08205,28633.23746,19610.43589,15559.77369,23169.78833,16126.30151,12173.54797,19910.42391
lx - number of people left alive at age x,85+ years,18780.09626,15132.02148,22052.07317,16971.32858,13393.35612,20123.45869,13907.89755,10619.65641,16682.49688,10712.15509,7594.520239,13455.68996,8489.769923,5644.818762,11300.39623
ndx - number of people dying between ages x and x+n,<1 year,3624.956559,3938.724676,3302.548268,4197.340588,4531.62527,3853.439331,4804.629421,5150.774344,4447.432346,5859.128053,6239.097778,5467.589499,8289.780573,8742.811885,7824.439715
ndx - number of people dying between ages x and x+n,1-4 years,1441.600168,1500.259225,1381.111598,1712.024241,1774.375838,1647.582444,2495.324247,2554.773676,2433.934477,3552.8168,3621.896379,3481.651204,5058.004535,5160.736147,4951.692626
ndx - number of people dying between ages x and x+n,5-9 years,755.5764208,785.9637716,724.1994247,827.9067303,857.681708,797.1565395,872.0759939,892.5299342,851.0600713,1001.254934,1020.254707,981.76414,1207.664918,1231.257993,1183.287108
ndx - number of people dying between ages x and x+n,10-14 years,325.4231834,359.1403216,290.6658463,339.1067229,371.8794832,305.4488087,354.4961893,389.6847445,318.5056806,402.9940698,450.4725556,354.3239653,478.797256,546.9076333,408.8980738
ndx - number of people dying between ages x and x+n,15-19  years,520.3213302,599.1871704,439.5119258,610.0017951,691.5662488,526.6453907,740.1607918,806.8201917,672.0553859,754.5107539,817.8609321,689.9190075,705.3349115,763.960079,645.2033802
ndx - number of people dying between ages x and x+n,20-24 years,715.6054393,820.0668365,609.1751246,826.0350772,899.5808349,751.0843052,1021.217868,1012.739643,1029.912857,1231.658927,1140.12279,1324.863094,1492.185346,1298.113056,1690.745673
ndx - number of people dying between ages x and x+n,25-29 years,925.191798,1038.325771,810.1883613,1143.607521,1196.811185,1089.822397,1682.509601,1474.200249,1893.640618,2456.429485,1901.822652,3017.505711,3065.948177,2286.304341,3852.49495
ndx - number of people dying between ages x and x+n,30-34 years,1228.610265,1365.49642,1090.095539,1579.082966,1666.168342,1490.90411,2548.300645,2251.937048,2848.547234,3901.971087,3129.15367,4672.626763,4349.796115,3628.458047,5061.034542
ndx - number of people dying between ages x and x+n,35-39 years,1641.939085,1845.862436,1434.641548,2129.812899,2348.716585,1906.491611,3487.686131,3328.017843,3649.052925,5005.675516,4677.903773,5325.561976,5202.465872,5231.722071,5173.042688
ndx - number of people dying between ages x and x+n,40-44 years,2228.331318,2563.914277,1884.16005,2758.088708,3159.881952,2345.504547,4113.268746,4296.093797,3930.816293,5530.977839,5867.688119,5206.679585,5406.496547,6103.141436,4740.10627
ndx - number of people dying between ages x and x+n,45-49 years,2903.287229,3336.781974,2456.645302,3414.085413,3935.042901,2879.753119,4653.655754,5070.929202,4245.152096,5713.082147,6389.5888,5073.214161,5545.686775,6234.913934,4888.955549
ndx - number of people dying between ages x and x+n,50-54 years,3923.79828,4493.660259,3341.790914,4249.238707,4904.529064,3591.009003,4988.169089,5629.078394,4375.162472,5634.799784,6341.568841,4975.737824,5662.559355,6272.190258,5103.147719
ndx - number of people dying between ages x and x+n,55-59 years,5087.727091,5790.412841,4391.13148,5249.139149,5990.302215,4526.134337,5510.856836,6300.852808,4773.160118,5739.289277,6585.469173,4985.63895,5774.550821,6593.063905,5031.293961
ndx - number of people dying between ages x and x+n,60-64 years,7083.296843,7932.305957,6272.467072,7091.132816,7924.463606,6308.501208,6904.313479,7880.59465,6046.8354,6658.948085,7725.002859,5723.965832,6577.010374,7610.857967,5629.731734
ndx - number of people dying between ages x and x+n,65-69 years,9180.157004,9986.071288,8458.751199,9044.647903,9806.388415,8407.940769,8489.342478,9460.12794,7670.950223,7762.470533,8842.752549,6815.775427,7456.429661,8439.921619,6526.293619
ndx - number of people dying between ages x and x+n,70-74 years,11998.75715,12384.00052,11760.5909,11722.17228,11993.49828,11591.21227,10686.37996,11211.66824,10290.01619,9360.191198,9978.215919,8815.231486,8755.006046,9193.251059,8285.197362
ndx - number of people dying between ages x and x+n,75-79 years,13758.36892,13435.61875,14207.25745,13163.42735,12756.60811,13683.98693,11676.16316,11533.09525,11890.52815,9823.365617,9711.354816,9918.163049,8845.981204,8488.840597,9094.011119
ndx - number of people dying between ages x and x+n,80-84 years,13876.95565,12692.18603,15092.99482,12971.82055,11797.52384,14173.92419,11063.55206,10136.42564,11950.74058,8898.280802,7965.253447,9714.098367,7636.53159,6528.729209,8610.027684
ndx - number of people dying between ages x and x+n,85+ years,18780.09626,15132.02148,22052.07317,16971.32858,13393.35612,20123.45869,13907.89755,10619.65641,16682.49688,10712.15509,7594.520239,13455.68996,8489.769923,5644.818762,11300.39623
nLx - person-years lived between ages x and x+n,<1 year,97462.53041,97242.89273,97688.21621,97061.86159,96827.86231,97302.59247,96636.75941,96394.45796,96886.79736,95898.61036,95632.63156,96172.68735,94197.1536,93880.03168,94522.8922
nLx - person-years lived between ages x and x+n,1-4 years,382040.3334,380644.4792,383475.1391,379101.7795,377614.9969,380632.0448,374792.7041,373265.4458,376368.8279,368036.7275,366351.0576,369773.6791,354701.6668,352642.9857,356818.1788
nLx - person-years lived between ages x and x+n,5-9 years,472778.2753,470840.1711,474771.2021,468383.409,466325.7902,470501.9998,461320.0417,459240.9351,463465.5157,450437.1384,448144.3924,452799.3861,430241.9122,427404.1149,433161.1205
nLx - person-years lived between ages x and x+n,10-14 years,470075.7763,467977.4108,472234.0389,465465.8754,463251.8872,467745.4864,458253.6112,456035.3984,460541.6013,446926.5159,444467.5743,449459.1659,426025.7567,422958.7008,429180.6576
nLx - person-years lived between ages x and x+n,15-19  years,467961.415,465581.5921,470408.5945,463093.1041,460593.2729,465665.2509,455516.9688,453044.136,458065.1987,444032.7538,441296.7406,446848.5584,423065.4263,419681.5315,426545.4039
nLx - person-years lived between ages x and x+n,20-24 years,464871.5981,462033.4571,467786.8769,459503.0119,456615.4052,462470.9267,451113.5221,448495.2364,453810.278,439067.3296,436401.7813,441811.6032,417571.6257,414526.3487,420705.5313
nLx - person-years lived between ages x and x+n,25-29 years,460769.605,457387.4756,464238.4682,454578.9054,451374.4251,457868.6599,444354.2034,442277.8867,446501.3944,429847.1086,428796.9177,430955.6812,406176.2919,405565.3052,406847.4297
nLx - person-years lived between ages x and x+n,30-34 years,455385.0998,451377.9201,459487.7584,447772.1792,444216.9763,451416.8436,433777.1778,432962.5435,434645.9247,413951.1072,416219.4768,411730.35,387636.9311,390778.3992,384563.606
nLx - person-years lived between ages x and x+n,35-39 years,448208.7265,443349.5229,453175.9157,438499.9395,434179.764,442923.3543,418687.2109,419012.6562,418401.9243,391681.9907,396701.8332,386734.8781,363756.2762,368627.9489,358978.4129
nLx - person-years lived between ages x and x+n,40-44 years,438533.0505,432325.0812,444878.9117,426280.1855,420408.2676,432293.364,399684.8237,399952.3771,399452.2513,365340.3573,370337.8535,360404.2742,337233.8701,340290.7901,334195.5405
nLx - person-years lived between ages x and x+n,45-49 years,425704.0041,417573.3405,434026.8983,410849.7502,402670.9555,419230.2198,377767.5124,376534.8196,379012.3303,337230.2073,339694.6612,334704.5399,309853.4118,309445.6517,310122.886
nLx - person-years lived between ages x and x+n,50-54 years,408636.2903,397997.235,419530.8078,391691.4399,380572.0256,403053.3145,353662.9503,349784.8007,357461.5439,308860.5025,307866.7671,309582.1599,281832.7965,278177.8912,285142.6278
nLx - person-years lived between ages x and x+n,55-59 years,386107.4769,372287.0522,400198.5018,367945.4953,353334.9474,382760.4561,327415.3855,319959.9727,334590.7374,280425.2798,275549.1721,284678.718,253240.021,246014.7558,259806.5236
nLx - person-years lived between ages x and x+n,60-64 years,355679.9171,337980.2552,373539.5054,337094.8154,318548.0328,355673.8673,296377.4597,284506.354,307540.7486,249429.6864,239772.992,257904.706,222361.1181,210504.9512,233153.9594
nLx - person-years lived between ages x and x+n,65-69 years,315021.2824,293184.3121,336711.4597,296755.3636,274220.9028,318882.7623,257893.3198,241154.5475,273246.2846,213376.1399,198353.6035,226555.3529,187277.518,170378.0022,202763.896
nLx - person-years lived between ages x and x+n,70-74 years,262073.9971,237259.1326,286163.1045,244838.3131,219721.1861,268884.8797,209954.0138,189475.0571,228343.8685,170569.4855,151301.1823,187477.8356,146748.9287,126295.0705,165735.1686
nLx - person-years lived between ages x and x+n,75-79 years,197681.1819,172710.0844,221243.4836,182624.314,157845.9201,205696.8817,154047.656,132613.1484,172892.5077,122610.5935,102077.2555,140644.3493,102746.4606,82089.84135,122287.1474
nLx - person-years lived between ages x and x+n,80-84 years,128592.8705,107390.5724,147992.8529,117286.1943,96460.59021,136052.1039,97198.36793,78439.34613,113289.3358,75806.47746,57885.73481,91563.69572,61540.17859,44545.91683,78027.05034
nLx - person-years lived between ages x and x+n,85+ years,96834.88768,72051.76608,118359.7528,86794.19467,62716.22167,107272.678,70385.58174,48378.91065,88672.78857,53635.50475,33713.05427,71519.76007,41212.94799,24318.95706,58744.02105
Tx - person-years lived above age x,<1 year,6734418.318,6537193.753,6925911.489,6535620.132,6337499.43,6726327.686,6138839.27,6001528.03,6263189.859,5657163.516,5550564.682,5751321.381,5247420.292,5128127.195,5361302.054
Tx - person-years lived above age x,1-4 years,6636955.788,6439950.86,6828223.272,6438558.27,6240671.568,6629025.094,6042202.511,5905133.572,6166303.062,5561264.906,5454932.05,5655148.694,5153223.138,5034247.163,5266779.162
Tx - person-years lived above age x,5-9 years,6254915.454,6059306.381,6444748.133,6059456.491,5863056.571,6248393.049,5667409.807,5531868.126,5789934.234,5193228.179,5088580.993,5285375.014,4798521.471,4681604.177,4909960.983
Tx - person-years lived above age x,10-14 years,5782137.179,5588466.21,5969976.931,5591073.082,5396730.781,5777891.049,5206089.765,5072627.191,5326468.718,4742791.04,4640436.6,4832575.628,4368279.559,4254200.062,4476799.862
Tx - person-years lived above age x,15-19  years,5312061.403,5120488.799,5497742.892,5125607.206,4933478.893,5310145.563,4747836.154,4616591.793,4865927.117,4295864.524,4195969.026,4383116.462,3942253.802,3831241.361,4047619.205
Tx - person-years lived above age x,20-24 years,4844099.988,4654907.207,5027334.298,4662514.102,4472885.62,4844480.312,4292319.185,4163547.657,4407861.918,3851831.77,3754672.285,3936267.904,3519188.376,3411559.83,3621073.801
Tx - person-years lived above age x,25-29 years,4379228.39,4192873.75,4559547.421,4203011.09,4016270.215,4382009.385,3841205.663,3715052.42,3954051.64,3412764.441,3318270.504,3494456.301,3101616.75,2997033.481,3200368.269
Tx - person-years lived above age x,30-34 years,3918458.785,3735486.275,4095308.953,3748432.185,3564895.79,3924140.725,3396851.46,3272774.534,3507550.246,2982917.332,2889473.586,3063500.62,2695440.459,2591468.176,2793520.84
Tx - person-years lived above age x,35-39 years,3463073.685,3284108.355,3635821.194,3300660.006,3120678.814,3472723.882,2963074.282,2839811.99,3072904.321,2568966.225,2473254.109,2651770.27,2307803.527,2200689.777,2408957.234
Tx - person-years lived above age x,40-44 years,3014864.958,2840758.832,3182645.279,2862160.066,2686499.05,3029800.527,2544387.071,2420799.334,2654502.397,2177284.234,2076552.276,2265035.392,1944047.251,1832061.828,2049978.821
Tx - person-years lived above age x,45-49 years,2576331.908,2408433.75,2737766.367,2435879.88,2266090.782,2597507.163,2144702.247,2020846.957,2255050.145,1811943.877,1706214.423,1904631.117,1606813.381,1491771.038,1715783.28
Tx - person-years lived above age x,50-54 years,2150627.904,1990860.41,2303739.469,2025030.13,1863419.827,2178276.944,1766934.735,1644312.137,1876037.815,1474713.67,1366519.761,1569926.577,1296959.969,1182325.386,1405660.394
Tx - person-years lived above age x,55-59 years,1741991.613,1592863.175,1884208.661,1633338.69,1482847.801,1775223.629,1413271.785,1294527.336,1518576.271,1165853.167,1058652.994,1260344.418,1015127.173,904147.4949,1120517.766
Tx - person-years lived above age x,60-64 years,1355884.137,1220576.123,1484010.159,1265393.195,1129512.854,1392463.173,1085856.399,974567.3638,1183985.534,885427.8875,783103.8223,975665.6995,761887.1519,658132.7391,860711.2427
Tx - person-years lived above age x,65-69 years,1000204.22,882595.8676,1110470.654,928298.3796,810964.8208,1036789.306,789478.9393,690061.0098,876444.7852,635998.2011,543330.8303,717760.9935,539526.0338,447627.7879,627557.2833
Tx - person-years lived above age x,70-74 years,685182.9371,589411.5555,773759.1939,631543.0161,536743.918,717906.5434,531585.6194,448906.4622,603198.5006,422622.0613,344977.2269,491205.6406,352248.5158,277249.7857,424793.3873
Tx - person-years lived above age x,75-79 years,423108.94,352152.4229,487596.0894,386704.703,317022.732,449021.6637,321631.6057,259431.4051,374854.6321,252052.5757,193676.0446,303727.805,205499.5871,150954.7152,259058.2187
Tx - person-years lived above age x,80-84 years,225427.7581,179442.3385,266352.6057,204080.3889,159176.8119,243324.782,167583.9497,126818.2568,201962.1244,129441.9822,91598.78908,163083.4558,102753.1266,68864.8739,136771.0714
Tx - person-years lived above age x,85+ years,96834.88768,72051.76608,118359.7528,86794.19467,62716.22167,107272.678,70385.58174,48378.91065,88672.78857,53635.50475,33713.05427,71519.76007,41212.94799,24318.95706,58744.02105
ex - expectation of life at age x,<1 year,67.34418318,65.37193753,69.25911489,65.35620132,63.3749943,67.26327686,61.3883927,60.0152803,62.63189859,56.57163516,55.50564682,57.51321381,52.47420292,51.28127195,53.61302054
ex - expectation of life at age x,1-4 years,68.86591747,67.04003084,70.6143042,67.20646702,65.3689935,68.94708503,63.47160029,62.2581105,64.53309642,59.0738623,58.17917619,59.82232616,56.1902825,55.16548632,57.13856412
ex - expectation of life at age x,5-9 years,65.88737582,64.07827064,67.61430542,64.40020816,62.57664995,66.1212763,61.13707631,59.93716857,62.17804146,57.32795753,56.45259724,58.04866489,55.37678959,54.37627301,56.29148437
ex - expectation of life at age x,10-14 years,61.39592425,59.59438114,63.11282191,59.94970526,58.13167674,61.66252636,56.69394353,55.49803634,57.72850135,52.9407349,52.07026065,53.6541528,51.12414496,50.12891461,52.03126052
ex - expectation of life at age x,15-19  years,56.60013949,54.81388223,58.29964908,55.15935681,53.35541983,56.85601485,51.90396668,50.72495666,52.91980934,48.16866099,47.32209865,48.85618377,46.39815074,45.43784661,47.26777622
ex - expectation of life at age x,20-24 years,51.90174472,50.15159946,53.56093289,50.50732607,48.73864738,52.16425678,47.3069816,46.15629294,48.29104086,43.55832254,42.73937889,44.21543231,41.76561745,40.8304391,42.60764582
ex - expectation of life at age x,25-29 years,47.28344939,45.57637029,48.89448914,45.9407809,44.19637704,47.56919158,42.817032,41.651989,43.8136148,39.13826772,38.26847215,39.84561825,37.47351681,36.43534469,38.42175509
ex - expectation of life at age x,30-34 years,42.73532726,41.0681043,44.30110119,41.49067039,39.75285173,43.10877249,38.58761149,37.30997889,39.69907124,35.20031681,34.07057704,36.17636275,33.81886081,32.4055412,35.16373317
ex - expectation of life at age x,35-39 years,38.28177931,36.65592595,39.79990738,37.18429487,35.45810457,38.78495291,34.66342689,33.22717855,35.93833703,31.77870494,30.28005319,33.14308632,30.6267727,28.82693155,32.38620404
ex - expectation of life at age x,40-44 years,33.94324056,32.37443666,35.39502825,33.03696398,31.36176796,34.57436103,31.03153293,29.47215588,32.42898491,28.71135449,26.96771589,30.32817589,27.71271038,25.76387029,29.62005006
ex - expectation of life at age x,45-49 years,29.75238688,28.27362361,31.09907109,29.04109697,27.46719689,30.45645926,27.53843284,25.96073883,28.93870936,25.77350379,23.98601203,27.41363326,24.8181322,22.94799803,26.61405973
ex - expectation of life at age x,50-54 years,25.69780812,24.32438567,26.92005952,25.16725032,23.71768887,26.43342134,24.12965964,22.59555117,25.46200618,22.83209594,21.10646318,24.37611395,21.90890735,20.11726599,23.59278363
ex - expectation of life at age x,55-59 years,21.8389491,20.59223385,22.91241641,21.43104668,20.13039248,22.52388583,20.71076694,19.28031963,21.91158273,19.77540646,18.12682237,21.20772155,18.96183564,17.2220266,20.56865759
ex - expectation of life at age x,60-64 years,18.15649617,17.0561561,19.0638661,17.83134764,16.6910325,18.74386143,17.31065043,16.01811712,18.34738533,16.63856138,15.11284547,17.92089083,15.95216763,14.33639893,17.40721596
ex - expectation of life at age x,65-69 years,14.79716044,13.87077293,15.51550623,14.53341184,13.57322935,15.25126996,14.1424538,13.0296134,14.98587332,13.66079287,12.32263529,14.73268351,13.10046918,11.68876427,14.32258406
ex - expectation of life at age x,70-74 years,11.72973687,10.98750016,12.25991823,11.51846486,10.74756342,12.05095563,11.23052565,10.3194882,11.87076575,10.89400785,9.78677001,11.72239451,10.44402111,9.286345535,11.39172902
ex - expectation of life at age x,75-79 years,9.115697593,8.534995294,9.495112151,8.970898052,8.354248148,9.358250201,8.776331698,8.034624194,9.250241839,8.563371457,7.663925437,9.179407984,8.229107026,7.305772745,8.931676086
ex - expectation of life at age x,80-84 years,6.902881457,6.449144635,7.170604876,6.815595382,6.318826977,7.094558288,6.711022077,6.109932332,7.053415622,6.600668283,5.88689726,7.038625191,6.371772628,5.656927139,6.86931991
ex - expectation of life at age x,85+ years,5.156250869,4.761542679,5.367284602,5.114166182,4.682636757,5.330727668,5.060835505,4.55560037,5.315318757,5.006976121,4.4391289,5.315205707,4.854424603,4.308190942,5.198403655
