ID,0 y,1-3 y,4-6 y,7-9 y,10-14 y,15-25 y,total
19/16,6.0,12.0,9.657846715328468,7.326642335766423,2.998357064622125,0.2143906020558003,110
14/17,,8.513119533527696,9.016468435498627,8.666666666666666,5.593869731800766,0.2342747111681643,107
14/34,5.055401662049862,8.88510223953262,10.101476014760147,8.991788321167883,1.8,0.28504490433424445,98
15/04,0.0,7.904896421845574,9.889162561576354,8.079884504331087,4.030922142462728,0.388607931860527,92
14/31,0.0,5.546058879392213,10.604498594189316,10.766961651917404,2.550960978450786,0.0,89
14/32,2.0,9.657846715328468,11.656021897810218,3.9963503649635035,0.7270916334661355,0.5169971671388102,83
08/13,5.48048048048048,7.421441774491682,10.027472527472527,5.328467153284672,2.1895620875824835,0.0,83
11/23,6.0497237569060776,11.0,7.6596715328467155,0.9990875912408759,1.3992332968236583,0.5558375634517766,75
16/38,6.186440677966102,10.78646329837941,7.904896421845574,4.825306893295562,0.7995618838992333,0.0,78
11/20,5.0,11.656021897810218,8.356227106227106,1.9981751824817517,0.8066298342541437,0.2576773738086834,77
11/27,3.0,12.988138686131387,6.327554744525547,3.6633211678832116,0.41809851088201605,0.0,74
15/19,2.0,7.751615881809788,7.680695333943276,4.329379562043796,1.3992332968236583,0.0,68
18/16,5.013736263736264,6.678865507776761,8.410138248847927,5.328467153284672,0.7995618838992333,0.0,70
14/20,5.0,3.3578656853725852,6.993613138686132,7.071033210332104,1.6358543417366946,0.22503082614056721,67
18/21,5.055401662049862,7.326642335766423,7.957345971563981,3.010999083409716,1.394904458598726,0.17718446601941748,66
19/17,4.0,5.729455216989843,7.0128087831656,4.620253164556962,1.988498789346247,0.0,64
01/12,3.1285714285714286,10.676416819012797,7.0,2.664233576642336,0.39978094194961666,0.0,66
19/25,4.040590405904059,8.014638609332113,8.325729927007298,3.0,1.5598290598290598,0.3466286799620133,69
18/26,1.0167130919220055,9.333333333333334,10.03666361136572,1.6666666666666667,0.6322170900692841,0.0,67
18/15,7.978142076502732,10.03666361136572,6.993613138686132,1.9981751824817517,0.2002194185408667,0.0,66
14/36,3.0165289256198347,5.367647058823529,9.657846715328468,3.6633211678832116,1.4,0.0,66
17/17,3.9107142857142856,6.3399503722084365,6.374080882352941,4.662408759124087,3.2981927710843375,0.0,62
17/16,,4.082774049217003,9.657846715328468,4.014665444546288,2.5172413793103448,0.0,61
03/18,7.0,8.698441796516956,7.6596715328467155,1.3333333333333333,0.19978106185002736,0.26118067978533094,63
12/20,9.182389937106919,10.167130919220055,5.35288725939505,2.664233576642336,0.39978094194961666,0.0,64
08/15,3.0,10.064338235294118,8.937316356513222,0.3333333333333333,0.21037463976945245,0.2972312703583062,62
30/05,1.0138888888888888,3.433678269049859,7.666666666666667,4.112676056338028,1.4178690344062153,0.0,53
14/38,6.0,10.745170193192273,5.328467153284672,1.332116788321168,0.0,0.0,58
01/18,5.0,10.676416819012797,6.016483516483516,2.0,0.0,,59
11/26,7.1568627450980395,7.326642335766423,8.516666666666667,2.7521206409048067,0.0,0.0,58
05/12,6.083333333333333,10.989963503649635,4.99543795620438,0.944372574385511,0.0,,56
10/10,5.0,11.49074074074074,5.004570383912249,0.3348623853211009,0.23903077930582842,0.0,56
01/13,6.0,8.658759124087592,6.333333333333333,0.9990875912408759,0.0,0.0,54
14/46,4.15954415954416,8.472609099350047,5.666666666666667,2.0,0.5996714129244249,0.0,55
11/17,4.195402298850575,5.677035681610247,4.329379562043796,4.99543795620438,0.7995618838992333,0.0,53
08/12,0.0,3.0137614678899083,3.721037998146432,5.8372530573847605,2.398446833930705,0.533235938641344,50
31/06,6.0497237569060776,9.0,5.7347504621072085,0.0,0.2,0.2822892498066512,52
14/22,0.0,6.0,6.993613138686132,2.664233576642336,0.49525101763907736,0.0,49
03/23,7.738515901060071,10.064338235294118,4.696691176470588,1.3357731015553522,0.0,0.0,54
04/13,0.0,4.044321329639889,6.362385321100917,2.664233576642336,0.0,0.36646586345381527,41
09/12,2.0,9.99087591240876,4.333333333333333,0.9990875912408759,0.19989047097480833,0.13936617029400536,50
16/45,10.805921052631579,9.314744801512287,3.7279480037140202,0.9990875912408759,0.20300333704115683,,51
22/26,9.02826855123675,5.219611848825332,6.174812030075188,2.8076923076923075,0.73,0.0,50
02/09,0.0,8.68252516010979,2.5,6.609657947686117,1.0602759622367466,0.0,43
14/43,2.0679886685552407,6.7467652495378925,5.397412199630314,3.107852412488174,0.19989047097480833,0.0,48
01/14,7.0,7.6596715328467155,4.666666666666667,0.333029197080292,0.0,0.167816091954023,46
31/08,5.1120448179271705,6.660583941605839,4.662408759124087,1.3419117647058822,0.0,0.0,43
11/22,0.0,7.237960339943343,4.99543795620438,0.333029197080292,0.0,0.18033596837944665,38
19/26,4.078212290502793,10.408745247148289,2.54228855721393,0.6691109074243813,0.21061742642815925,0.0,44
16/36,5.632716049382716,13.238341968911918,4.6686046511627906,0.7358870967741935,0.44108761329305135,0.26202440775305097,42
19/19,4.451219512195122,10.080552359033371,4.714747039827772,0.7381193124368048,0.7448979591836735,0.0,42
14/45,6.066481994459834,9.819109461966605,2.4035747883349012,0.666058394160584,0.20715096481271283,0.0,45
14/44,4.124293785310734,6.691109074243813,4.684947491248542,0.9990875912408759,0.39978094194961666,0.5140845070422535,41
15/29,9.024725274725276,6.327554744525547,4.0,0.666058394160584,0.19989047097480833,0.0,43
32/05,,4.94077834179357,10.049164208456244,2.7094379639448567,0.0,,43
11/28,4.010989010989011,6.993613138686132,4.440389294403893,1.332116788321168,0.6053067993366501,0.0,42
09/09,8.0,6.065493646138807,3.3302919708029197,0.9990875912408759,0.2150854449027696,0.17024253731343283,40
07/14,5.0,6.327554744525547,4.0,0.0,0.0,0.0,36
19/07,,5.9778420038535645,1.705607476635514,3.0,1.4108227498619548,0.2789808917197452,41
22/28,6.033057851239669,6.660583941605839,2.664233576642336,0.33394327538883806,0.20334261838440112,0.3312159709618875,37
22/16,2.033426183844011,2.6788990825688073,0.6797020484171322,4.329379562043796,2.1098265895953756,1.2906647807637908,38
15/15,0.0,7.813455657492355,8.044077134986226,1.6651459854014599,0.0,0.0,36
30/06,2.0054945054945055,6.010978956999085,3.6767399267399266,0.687382297551789,1.5721464465183057,0.0,39
18/29,3.0,7.150186567164179,3.002742230347349,1.124229979466119,0.0,0.0,36
16/42,3.3692307692307693,8.183856502242152,3.457894736842105,0.333029197080292,0.7005758157389635,0.0,36
03/25,9.012345679012345,6.339122486288848,3.6633211678832116,0.0,0.0,,38
01/19,1.0195530726256983,6.005484460694698,5.692660550458716,0.3360957642725598,0.0,,37
13/13,1.0027472527472527,7.373737373737374,2.7315247895229184,1.332116788321168,0.22296884544899206,0.0,36
05/11,,10.13888888888889,4.333333333333333,0.0,0.19989047097480833,0.0,35
16/23,0.0,9.407216494845361,5.932122370936902,0.39374325782092773,0.0,,33
12/24,5.383480825958702,6.203966005665722,3.3302919708029197,0.6666666666666666,0.511921458625526,,37
14/40,,6.396495071193867,4.332344213649852,1.3865147198480532,0.8588235294117647,0.0,36
22/30,1.1928104575163399,5.463049579045837,4.430438842203548,1.332116788321168,0.0,0.0,34
11/29,5.447761194029851,8.333333333333334,1.6666666666666667,0.6666666666666666,0.0,0.0,36
02/13,3.0,7.244274809160306,6.930379746835443,1.0055096418732783,0.9431524547803618,0.6784386617100372,35
22/03,0.0,3.466286799620133,5.069444444444445,4.0060975609756095,,,34
18/25,2.0,7.0,2.997262773722628,0.0,0.0,0.27526395173454,33
22/25,2.0679886685552407,3.8020833333333335,3.3363802559414992,1.6651459854014599,0.6303972366148531,0.24712254570074474,32
17/22,,9.424882629107982,1.7822265625,1.0703812316715542,0.28627450980392155,0.0,31
22/24,16.44144144144144,7.046332046332046,1.3443830570902393,0.0,0.20065970313358988,0.4108047270680923,32
20/14,1.0518731988472623,5.713627992633517,3.6666666666666665,0.0,0.9945504087193461,0.30569514237855944,32
14/47,4.124293785310734,6.87958115183246,2.765151515151515,0.0,0.39978094194961666,0.0,32
22/33,7.719033232628399,5.107276119402985,2.0,0.333029197080292,0.0,0.0,29
08/17,2.0110192837465566,8.364583333333334,1.332116788321168,0.0,0.0,0.0,28
16/06,,4.3784078516902945,1.0195530726256983,0.49525101763907736,0.6043046357615894,0.1347858197932053,19
13/11,1.0,4.99543795620438,1.6666666666666667,1.9981751824817517,0.39978094194961666,0.0,29
11/06,,5.675413022351798,2.3312043795620436,1.0,0.0,0.16215015548645045,27
07/16,4.520123839009288,5.692660550458716,0.9990875912408759,0.0,0.22656734947237742,,25
31/07,3.0248618784530388,4.0,3.393595041322314,0.333029197080292,0.0,0.0,25
13/12,5.069444444444445,4.37125748502994,3.0165289256198347,2.208774583963691,0.2563202247191011,0.25400139178844816,24
17/21,1.0703812316715542,3.4369114877589455,4.674493062966915,1.0148285449490269,0.0,0.0,26
14/48,8.0,3.6633211678832116,1.6681901279707496,0.333029197080292,0.2889944576405384,,26
18/36,3.0,5.328467153284672,2.33974358974359,0.0,0.0,,26
16/32,1.2852112676056338,13.551980198019802,2.821256038647343,0.40065861690450055,0.0,0.0,25
02/19,1.1094224924012157,4.309327036599764,4.294117647058823,1.2703016241299303,0.0,0.0,25
22/29,5.195729537366548,6.419597989949748,0.34401508011310084,0.37745604963805585,0.0,0.0,20
18/37,4.010989010989011,3.6936522539098435,3.036044362292052,0.0,0.0,,24
16/22,0.0,4.2790152403282535,3.3692307692307693,0.0,0.2738184546136534,0.0,20
07/13,,3.8064889918887603,3.6801099908340973,0.666058394160584,0.20821448944666288,0.0,23
22/21,0.0,1.5287958115183247,2.0036596523330283,1.6681901279707496,0.619343891402715,0.17064048620850866,19
20/04,,2.248459958932238,1.3333333333333333,1.6651459854014599,1.3869537682077264,0.0,21
22/31,3.0416666666666665,4.766791044776119,1.6743119266055047,0.0,0.2285535378835316,0.0,21
20/17,5.0,3.5960591133004924,1.6666666666666667,0.0,0.2,0.0,19
20/07,1.0138888888888888,1.6758494031221305,2.3312043795620436,0.333029197080292,0.20065970313358988,0.24472008045591687,17
04/18,0.0,3.7279480037140202,1.6929499072356216,0.34048507462686567,0.0,0.0,17
22/36,5.013736263736264,4.003656307129799,0.0,0.0,0.0,,17
19/28,0.0,4.455399061032864,1.015769944341373,0.0,0.0,,16
20/11,1.0369318181818181,2.3376029277218664,1.028169014084507,0.0,0.0,0.20110192837465565,12
22/20,0.0,3.5714285714285716,0.0,0.4440389294403893,0.2302839116719243,0.0,7
15/30,4.294117647058823,2.048643592142189,0.9990875912408759,0.0,0.0,,11
16/14,6.0,1.2837045720984759,0.4979536152796726,0.0,0.0,0.0,10
